VERSION: WAVEFORM
0.06696
6697
42
0,0,0
-0.00261504910033933,-0.00356684486766523,-0.00966623654115248
-0.00523009820067867,-0.00713368973533047,-0.019332473082305
-0.007845147301018,-0.0107005346029957,-0.0289987096234574
-0.0104601964013573,-0.0142673794706609,-0.0386649461646099
-0.0130752455016967,-0.0178342243383262,-0.0483311827057624
-0.015690294602036,-0.0214010692059914,-0.0579974192469149
-0.0183053437023753,-0.0249679140736566,-0.0676636557880674
-0.0209203928027147,-0.0285347589413219,-0.0773298923292198
-0.023535441903054,-0.0321016038089871,-0.0869961288703723
-0.0261504910033933,-0.0356684486766523,-0.0966623654115248
-0.0287655401037327,-0.0392352935443176,-0.106328601952677
-0.031380589204072,-0.0428021384119828,-0.11599483849383
-0.0339956383044113,-0.046368983279648,-0.125661075034982
-0.0366106874047507,-0.0499358281473133,-0.135327311576135
-0.03922573650509,-0.0535026730149785,-0.144993548117287
-0.0418407856054293,-0.0570695178826437,-0.15465978465844
-0.0444558347057686,-0.060636362750309,-0.164326021199592
-0.047070883806108,-0.0642032076179742,-0.173992257740745
-0.0496859329064473,-0.0677700524856394,-0.183658494281897
-0.0523009820067866,-0.0713368973533047,-0.19332473082305
-0.054916031107126,-0.0749037422209699,-0.202990967364202
-0.0575310802074653,-0.0784705870886351,-0.212657203905355
-0.0601461293078047,-0.0820374319563004,-0.222323440446507
-0.062761178408144,-0.0856042768239656,-0.231989676987659
-0.0653762275084833,-0.0891711216916308,-0.241655913528812
-0.0679912766088227,-0.0927379665592961,-0.251322150069964
-0.070606325709162,-0.0963048114269613,-0.260988386611117
-0.0732213748095013,-0.0998716562946265,-0.270654623152269
-0.0758364239098407,-0.103438501162292,-0.280320859693422
-0.07845147301018,-0.107005346029957,-0.289987096234574
-0.0810665221105193,-0.110572190897622,-0.299653332775727
-0.0836815712108587,-0.114139035765287,-0.309319569316879
-0.086296620311198,-0.117705880632953,-0.318985805858032
-0.0889116694115373,-0.121272725500618,-0.328652042399184
-0.0915267185118766,-0.124839570368283,-0.338318278940337
-0.094141767612216,-0.128406415235948,-0.347984515481489
-0.0967568167125553,-0.131973260103614,-0.357650752022642
-0.0993718658128946,-0.135540104971279,-0.367316988563794
-0.101986914913234,-0.139106949838944,-0.376983225104947
-0.104601964013573,-0.142673794706609,-0.386649461646099
-0.107217013113913,-0.146240639574275,-0.396315698187252
-0.109832062214252,-0.14980748444194,-0.405981934728404
-0.112447111314591,-0.153374329309605,-0.415648171269557
-0.115062160414931,-0.15694117417727,-0.425314407810709
-0.11767720951527,-0.160508019044935,-0.434980644351862
-0.120292258615609,-0.164074863912601,-0.444646880893014
-0.122907307715949,-0.167641708780266,-0.454313117434167
-0.125522356816288,-0.171208553647931,-0.463979353975319
-0.128137405916627,-0.174775398515596,-0.473645590516472
-0.130752455016967,-0.178342243383262,-0.483311827057624
-0.133367504117306,-0.181909088250927,-0.492978063598777
-0.135982553217645,-0.185475933118592,-0.502644300139929
-0.138597602317985,-0.189042777986257,-0.512310536681081
-0.141212651418324,-0.192609622853923,-0.521976773222234
-0.143827700518663,-0.196176467721588,-0.531643009763386
-0.146442749619003,-0.199743312589253,-0.541309246304539
-0.149057798719342,-0.203310157456918,-0.550975482845691
-0.151672847819681,-0.206877002324584,-0.560641719386844
-0.154287896920021,-0.210443847192249,-0.570307955927996
-0.15690294602036,-0.214010692059914,-0.579974192469149
-0.159517995120699,-0.217577536927579,-0.589640429010301
-0.161959758798014,-0.220943051624748,-0.598955754636916
-0.162495382822057,-0.222093934446453,-0.604411060203614
-0.163031006846101,-0.223244817268159,-0.609866365770312
-0.163566630870144,-0.224395700089865,-0.61532167133701
-0.164102254894187,-0.22554658291157,-0.620776976903707
-0.164637878918231,-0.226697465733276,-0.626232282470405
-0.165173502942274,-0.227848348554981,-0.631687588037103
-0.165709126966317,-0.228999231376687,-0.637142893603801
-0.166244750990361,-0.230150114198392,-0.642598199170499
-0.166780375014404,-0.231300997020098,-0.648053504737197
-0.167315999038447,-0.232451879841804,-0.653508810303894
-0.167851623062491,-0.233602762663509,-0.658964115870592
-0.168387247086534,-0.234753645485215,-0.66441942143729
-0.168922871110577,-0.23590452830692,-0.669874727003988
-0.169458495134621,-0.237055411128626,-0.675330032570686
-0.169994119158664,-0.238206293950331,-0.680785338137384
-0.170529743182707,-0.239357176772037,-0.686240643704082
-0.171065367206751,-0.240508059593743,-0.69169594927078
-0.171600991230794,-0.241658942415448,-0.697151254837477
-0.172136615254837,-0.242809825237154,-0.702606560404175
-0.172672239278881,-0.243960708058859,-0.708061865970873
-0.173207863302924,-0.245111590880565,-0.713517171537571
-0.173743487326967,-0.24626247370227,-0.718972477104269
-0.174279111351011,-0.247413356523976,-0.724427782670967
-0.174814735375054,-0.248564239345682,-0.729883088237665
-0.175350359399097,-0.249715122167387,-0.735338393804363
-0.175885983423141,-0.250866004989093,-0.74079369937106
-0.176421607447184,-0.252016887810798,-0.746249004937758
-0.176957231471227,-0.253167770632504,-0.751704310504456
-0.177492855495271,-0.25431865345421,-0.757159616071154
-0.178028479519314,-0.255469536275915,-0.762614921637852
-0.178564103543357,-0.256620419097621,-0.76807022720455
-0.179099727567401,-0.257771301919326,-0.773525532771248
-0.179635351591444,-0.258922184741032,-0.778980838337946
-0.180170975615487,-0.260073067562737,-0.784436143904643
-0.180706599639531,-0.261223950384443,-0.789891449471341
-0.181242223663574,-0.262374833206149,-0.795346755038039
-0.181777847687617,-0.263525716027854,-0.800802060604737
-0.182313471711661,-0.26467659884956,-0.806257366171435
-0.182849095735704,-0.265827481671265,-0.811712671738133
-0.183384719759747,-0.266978364492971,-0.817167977304831
-0.183920343783791,-0.268129247314676,-0.822623282871528
-0.184455967807834,-0.269280130136382,-0.828078588438226
-0.184991591831877,-0.270431012958088,-0.833533894004924
-0.185527215855921,-0.271581895779793,-0.838989199571622
-0.186062839879964,-0.272732778601499,-0.84444450513832
-0.186598463904008,-0.273883661423204,-0.849899810705018
-0.187134087928051,-0.27503454424491,-0.855355116271716
-0.187669711952094,-0.276185427066616,-0.860810421838414
-0.188205335976137,-0.277336309888321,-0.866265727405111
-0.188740960000181,-0.278487192710027,-0.871721032971809
-0.189276584024224,-0.279638075531732,-0.877176338538507
-0.189812208048268,-0.280788958353438,-0.882631644105205
-0.190347832072311,-0.281939841175143,-0.888086949671903
-0.190883456096354,-0.283090723996849,-0.893542255238601
-0.191419080120398,-0.284241606818555,-0.898997560805299
-0.191954704144441,-0.28539248964026,-0.904452866371996
-0.192490328168484,-0.286543372461966,-0.909908171938694
-0.193025952192528,-0.287694255283671,-0.915363477505392
-0.193561576216571,-0.288845138105377,-0.92081878307209
-0.194097200240614,-0.289996020927082,-0.926274088638788
-0.194632824264658,-0.291146903748788,-0.931729394205486
-0.195090538840917,-0.292107910519493,-0.936272482692313
-0.195158706178255,-0.292119537035196,-0.936254485779784
-0.195226873515593,-0.292131163550899,-0.936236488867255
-0.195295040852931,-0.292142790066602,-0.936218491954726
-0.195363208190269,-0.292154416582305,-0.936200495042197
-0.195431375527607,-0.292166043098008,-0.936182498129668
-0.195499542864945,-0.292177669613711,-0.93616450121714
-0.195567710202283,-0.292189296129414,-0.936146504304611
-0.195635877539621,-0.292200922645117,-0.936128507392082
-0.195704044876959,-0.29221254916082,-0.936110510479553
-0.195772212214297,-0.292224175676523,-0.936092513567024
-0.195840379551635,-0.292235802192226,-0.936074516654496
-0.195908546888973,-0.292247428707929,-0.936056519741967
-0.195976714226311,-0.292259055223632,-0.936038522829438
-0.196044881563649,-0.292270681739335,-0.936020525916909
-0.196113048900987,-0.292282308255038,-0.93600252900438
-0.196181216238325,-0.292293934770741,-0.935984532091852
-0.196249383575663,-0.292305561286443,-0.935966535179323
-0.196317550913001,-0.292317187802146,-0.935948538266794
-0.196385718250339,-0.292328814317849,-0.935930541354265
-0.196453885587677,-0.292340440833552,-0.935912544441736
-0.196522052925015,-0.292352067349255,-0.935894547529207
-0.196590220262353,-0.292363693864958,-0.935876550616679
-0.196658387599691,-0.292375320380661,-0.93585855370415
-0.196726554937029,-0.292386946896364,-0.935840556791621
-0.196794722274367,-0.292398573412067,-0.935822559879092
-0.196862889611705,-0.29241019992777,-0.935804562966563
-0.196931056949043,-0.292421826443473,-0.935786566054034
-0.196999224286381,-0.292433452959176,-0.935768569141506
-0.197067391623719,-0.292445079474879,-0.935750572228977
-0.197135558961057,-0.292456705990582,-0.935732575316448
-0.197203726298395,-0.292468332506285,-0.935714578403919
-0.197271893635733,-0.292479959021988,-0.93569658149139
-0.197340060973071,-0.292491585537691,-0.935678584578861
-0.197408228310409,-0.292503212053394,-0.935660587666333
-0.197476395647747,-0.292514838569097,-0.935642590753804
-0.197544562985085,-0.2925264650848,-0.935624593841275
-0.197612730322423,-0.292538091600503,-0.935606596928746
-0.197680897659761,-0.292549718116206,-0.935588600016217
-0.197749064997099,-0.292561344631909,-0.935570603103689
-0.197817232334437,-0.292572971147612,-0.93555260619116
-0.197885399671775,-0.292584597663315,-0.935534609278631
-0.197953567009113,-0.292596224179018,-0.935516612366102
-0.198021734346451,-0.29260785069472,-0.935498615453573
-0.198089901683789,-0.292619477210423,-0.935480618541045
-0.198158069021127,-0.292631103726126,-0.935462621628516
-0.198226236358465,-0.292642730241829,-0.935444624715987
-0.198294403695803,-0.292654356757532,-0.935426627803458
-0.198362571033141,-0.292665983273235,-0.935408630890929
-0.198430738370479,-0.292677609788938,-0.9353906339784
-0.198498905707817,-0.292689236304641,-0.935372637065872
-0.198567073045155,-0.292700862820344,-0.935354640153343
-0.198635240382493,-0.292712489336047,-0.935336643240814
-0.198703407719831,-0.29272411585175,-0.935318646328285
-0.198771575057169,-0.292735742367453,-0.935300649415756
-0.198839742394507,-0.292747368883156,-0.935282652503227
-0.198907909731845,-0.292758995398859,-0.935264655590699
-0.198976077069183,-0.292770621914562,-0.93524665867817
-0.199044244406521,-0.292782248430265,-0.935228661765641
-0.199112411743859,-0.292793874945968,-0.935210664853112
-0.199180579081197,-0.292805501461671,-0.935192667940583
-0.199248746418535,-0.292817127977374,-0.935174671028055
-0.199329416471888,-0.292831143572385,-0.935153090376231
-0.199447594673284,-0.292852326405321,-0.935120758506523
-0.199565772874679,-0.292873509238257,-0.935088426636815
-0.199683951076075,-0.292894692071193,-0.935056094767107
-0.19980212927747,-0.292915874904129,-0.935023762897399
-0.199920307478866,-0.292937057737065,-0.934991431027691
-0.200038485680262,-0.292958240570002,-0.934959099157982
-0.200156663881657,-0.292979423402938,-0.934926767288274
-0.200274842083053,-0.293000606235874,-0.934894435418566
-0.200393020284448,-0.29302178906881,-0.934862103548858
-0.200511198485844,-0.293042971901746,-0.93482977167915
-0.20062937668724,-0.293064154734682,-0.934797439809442
-0.200747554888635,-0.293085337567618,-0.934765107939734
-0.200865733090031,-0.293106520400554,-0.934732776070026
-0.200983911291426,-0.29312770323349,-0.934700444200318
-0.201102089492822,-0.293148886066426,-0.93466811233061
-0.201220267694218,-0.293170068899363,-0.934635780460901
-0.201338445895613,-0.293191251732299,-0.934603448591193
-0.201456624097009,-0.293212434565235,-0.934571116721485
-0.201574802298404,-0.293233617398171,-0.934538784851777
-0.2016929804998,-0.293254800231107,-0.934506452982069
-0.201811158701196,-0.293275983064043,-0.934474121112361
-0.201929336902591,-0.293297165896979,-0.934441789242653
-0.202047515103987,-0.293318348729915,-0.934409457372945
-0.202165693305382,-0.293339531562851,-0.934377125503237
-0.202283871506778,-0.293360714395787,-0.934344793633529
-0.202402049708174,-0.293381897228724,-0.934312461763821
-0.202520227909569,-0.29340308006166,-0.934280129894112
-0.202638406110965,-0.293424262894596,-0.934247798024404
-0.202756584312361,-0.293445445727532,-0.934215466154696
-0.202874762513756,-0.293466628560468,-0.934183134284988
-0.202992940715152,-0.293487811393404,-0.93415080241528
-0.203111118916547,-0.29350899422634,-0.934118470545572
-0.203229297117943,-0.293530177059276,-0.934086138675864
-0.203347475319339,-0.293551359892212,-0.934053806806156
-0.203465653520734,-0.293572542725148,-0.934021474936448
-0.20358383172213,-0.293593725558084,-0.93398914306674
-0.203702009923525,-0.293614908391021,-0.933956811197032
-0.203820188124921,-0.293636091223957,-0.933924479327323
-0.203938366326317,-0.293657274056893,-0.933892147457615
-0.204056544527712,-0.293678456889829,-0.933859815587907
-0.204174722729108,-0.293699639722765,-0.933827483718199
-0.204292900930503,-0.293720822555701,-0.933795151848491
-0.204411079131899,-0.293742005388637,-0.933762819978783
-0.204529257333295,-0.293763188221573,-0.933730488109075
-0.20464743553469,-0.293784371054509,-0.933698156239367
-0.204765613736086,-0.293805553887445,-0.933665824369659
-0.204883791937481,-0.293826736720382,-0.933633492499951
-0.205001970138877,-0.293847919553318,-0.933601160630242
-0.205120148340273,-0.293869102386254,-0.933568828760535
-0.205238326541668,-0.29389028521919,-0.933536496890826
-0.205356504743064,-0.293911468052126,-0.933504165021118
-0.205474682944459,-0.293932650885062,-0.93347183315141
-0.205592861145855,-0.293953833717998,-0.933439501281702
-0.205711039347251,-0.293975016550934,-0.933407169411994
-0.205829217548646,-0.29399619938387,-0.933374837542286
-0.205947395750042,-0.294017382216806,-0.933342505672578
-0.206065573951438,-0.294038565049742,-0.93331017380287
-0.206183752152833,-0.294059747882679,-0.933277841933162
-0.206301930354229,-0.294080930715615,-0.933245510063454
-0.206420108555624,-0.294102113548551,-0.933213178193745
-0.20653828675702,-0.294123296381487,-0.933180846324037
-0.206677753924521,-0.294147664653501,-0.933142196843313
-0.206859799024234,-0.29417840380367,-0.933090912140555
-0.207041844123947,-0.294209142953839,-0.933039627437797
-0.20722388922366,-0.294239882104008,-0.932988342735039
-0.207405934323372,-0.294270621254178,-0.932937058032281
-0.207587979423085,-0.294301360404347,-0.932885773329523
-0.207770024522798,-0.294332099554516,-0.932834488626765
-0.207952069622511,-0.294362838704685,-0.932783203924007
-0.208134114722224,-0.294393577854855,-0.932731919221249
-0.208316159821936,-0.294424317005024,-0.932680634518491
-0.208498204921649,-0.294455056155193,-0.932629349815733
-0.208680250021362,-0.294485795305362,-0.932578065112975
-0.208862295121075,-0.294516534455531,-0.932526780410217
-0.209044340220788,-0.294547273605701,-0.932475495707459
-0.2092263853205,-0.29457801275587,-0.932424211004701
-0.209408430420213,-0.294608751906039,-0.932372926301943
-0.209590475519926,-0.294639491056208,-0.932321641599185
-0.209772520619639,-0.294670230206378,-0.932270356896427
-0.209954565719351,-0.294700969356547,-0.932219072193669
-0.210136610819064,-0.294731708506716,-0.932167787490911
-0.210318655918777,-0.294762447656885,-0.932116502788153
-0.21050070101849,-0.294793186807055,-0.932065218085395
-0.210682746118203,-0.294823925957224,-0.932013933382637
-0.210864791217915,-0.294854665107393,-0.931962648679879
-0.211046836317628,-0.294885404257562,-0.931911363977121
-0.211228881417341,-0.294916143407732,-0.931860079274363
-0.211410926517054,-0.294946882557901,-0.931808794571606
-0.211592971616767,-0.29497762170807,-0.931757509868848
-0.211775016716479,-0.295008360858239,-0.93170622516609
-0.211957061816192,-0.295039100008408,-0.931654940463332
-0.212139106915905,-0.295069839158578,-0.931603655760574
-0.212321152015618,-0.295100578308747,-0.931552371057816
-0.212503197115331,-0.295131317458916,-0.931501086355058
-0.212685242215043,-0.295162056609085,-0.9314498016523
-0.212867287314756,-0.295192795759255,-0.931398516949542
-0.213049332414469,-0.295223534909424,-0.931347232246784
-0.213231377514182,-0.295254274059593,-0.931295947544026
-0.213413422613895,-0.295285013209762,-0.931244662841268
-0.213595467713607,-0.295315752359932,-0.93119337813851
-0.21377751281332,-0.295346491510101,-0.931142093435752
-0.213959557913033,-0.29537723066027,-0.931090808732994
-0.214141603012746,-0.295407969810439,-0.931039524030236
-0.214323648112458,-0.295438708960609,-0.930988239327478
-0.214505693212171,-0.295469448110778,-0.93093695462472
-0.214687738311884,-0.295500187260947,-0.930885669921962
-0.214869783411597,-0.295530926411116,-0.930834385219204
-0.21505182851131,-0.295561665561285,-0.930783100516446
-0.215233873611022,-0.295592404711455,-0.930731815813688
-0.215415918710735,-0.295623143861624,-0.93068053111093
-0.215597963810448,-0.295653883011793,-0.930629246408172
-0.215780008910161,-0.295684622161962,-0.930577961705414
-0.215962054009874,-0.295715361312132,-0.930526677002657
-0.216144099109586,-0.295746100462301,-0.930475392299898
-0.216326144209299,-0.29577683961247,-0.93042410759714
-0.216508189309012,-0.295807578762639,-0.930372822894383
-0.216690234408725,-0.295838317912809,-0.930321538191625
-0.216872279508438,-0.295869057062978,-0.930270253488867
-0.21705432460815,-0.295899796213147,-0.930218968786109
-0.217236369707863,-0.295930535363316,-0.930167684083351
-0.217418414807576,-0.295961274513486,-0.930116399380593
-0.217600459907289,-0.295992013663655,-0.930065114677835
-0.217782505007002,-0.296022752813824,-0.930013829975077
-0.218001514011404,-0.296057407379471,-0.92995106435881
-0.218272272482374,-0.296097543526786,-0.929872225463631
-0.218543030953343,-0.296137679674102,-0.929793386568452
-0.218813789424312,-0.296177815821417,-0.929714547673273
-0.219084547895281,-0.296217951968733,-0.929635708778094
-0.21935530636625,-0.296258088116049,-0.929556869882915
-0.219626064837219,-0.296298224263364,-0.929478030987736
-0.219896823308188,-0.29633836041068,-0.929399192092557
-0.220167581779158,-0.296378496557995,-0.929320353197378
-0.220438340250127,-0.296418632705311,-0.929241514302199
-0.220709098721096,-0.296458768852626,-0.929162675407019
-0.220979857192065,-0.296498904999942,-0.92908383651184
-0.221250615663034,-0.296539041147257,-0.929004997616661
-0.221521374134003,-0.296579177294573,-0.928926158721482
-0.221792132604972,-0.296619313441888,-0.928847319826303
-0.222062891075941,-0.296659449589204,-0.928768480931124
-0.222333649546911,-0.29669958573652,-0.928689642035945
-0.22260440801788,-0.296739721883835,-0.928610803140766
-0.222875166488849,-0.296779858031151,-0.928531964245587
-0.223145924959818,-0.296819994178466,-0.928453125350408
-0.223416683430787,-0.296860130325782,-0.928374286455229
-0.223687441901756,-0.296900266473097,-0.92829544756005
-0.223958200372725,-0.296940402620413,-0.928216608664871
-0.224228958843694,-0.296980538767728,-0.928137769769692
-0.224499717314664,-0.297020674915044,-0.928058930874513
-0.224770475785633,-0.297060811062359,-0.927980091979334
-0.225041234256602,-0.297100947209675,-0.927901253084155
-0.225311992727571,-0.297141083356991,-0.927822414188976
-0.22558275119854,-0.297181219504306,-0.927743575293797
-0.225853509669509,-0.297221355651622,-0.927664736398617
-0.226124268140478,-0.297261491798937,-0.927585897503438
-0.226395026611448,-0.297301627946253,-0.927507058608259
-0.226665785082417,-0.297341764093568,-0.92742821971308
-0.226936543553386,-0.297381900240884,-0.927349380817901
-0.227207302024355,-0.297422036388199,-0.927270541922722
-0.227478060495324,-0.297462172535515,-0.927191703027543
-0.227748818966293,-0.297502308682831,-0.927112864132364
-0.228019577437262,-0.297542444830146,-0.927034025237185
-0.228290335908231,-0.297582580977462,-0.926955186342006
-0.228561094379201,-0.297622717124777,-0.926876347446827
-0.22883185285017,-0.297662853272093,-0.926797508551648
-0.229102611321139,-0.297702989419408,-0.926718669656469
-0.229373369792108,-0.297743125566724,-0.92663983076129
-0.229644128263077,-0.297783261714039,-0.92656099186611
-0.229914886734046,-0.297823397861355,-0.926482152970931
-0.230185645205015,-0.29786353400867,-0.926403314075752
-0.230456403675984,-0.297903670155986,-0.926324475180573
-0.230727162146954,-0.297943806303302,-0.926245636285394
-0.230997920617923,-0.297983942450617,-0.926166797390215
-0.231268679088892,-0.298024078597933,-0.926087958495036
-0.231539437559861,-0.298064214745248,-0.926009119599857
-0.23181019603083,-0.298104350892564,-0.925930280704678
-0.232080954501799,-0.298144487039879,-0.925851441809499
-0.232351712972768,-0.298184623187195,-0.92577260291432
-0.232622471443737,-0.29822475933451,-0.925693764019141
-0.232893229914707,-0.298264895481826,-0.925614925123962
-0.233163988385676,-0.298305031629141,-0.925536086228783
-0.233434746856645,-0.298345167776457,-0.925457247333604
-0.233705505327614,-0.298385303923773,-0.925378408438425
-0.233976263798583,-0.298425440071088,-0.925299569543246
-0.234247022269552,-0.298465576218404,-0.925220730648067
-0.234517780740521,-0.298505712365719,-0.925141891752888
-0.234854875210157,-0.2985504671109,-0.925040277786563
-0.235258305678458,-0.298599840453945,-0.924915888749093
-0.235661736146759,-0.298649213796991,-0.924791499711623
-0.23606516661506,-0.298698587140036,-0.924667110674153
-0.236468597083362,-0.298747960483081,-0.924542721636684
-0.236872027551663,-0.298797333826127,-0.924418332599214
-0.237275458019964,-0.298846707169172,-0.924293943561744
-0.237678888488265,-0.298896080512218,-0.924169554524274
-0.238082318956567,-0.298945453855263,-0.924045165486804
-0.238485749424868,-0.298994827198308,-0.923920776449335
-0.238889179893169,-0.299044200541354,-0.923796387411865
-0.239292610361471,-0.299093573884399,-0.923671998374395
-0.239696040829772,-0.299142947227445,-0.923547609336925
-0.240099471298073,-0.29919232057049,-0.923423220299455
-0.240502901766374,-0.299241693913536,-0.923298831261985
-0.240906332234676,-0.299291067256581,-0.923174442224516
-0.241309762702977,-0.299340440599626,-0.923050053187046
-0.241713193171278,-0.299389813942672,-0.922925664149576
-0.242116623639579,-0.299439187285717,-0.922801275112106
-0.242520054107881,-0.299488560628763,-0.922676886074636
-0.242923484576182,-0.299537933971808,-0.922552497037166
-0.243326915044483,-0.299587307314853,-0.922428107999697
-0.243730345512785,-0.299636680657899,-0.922303718962227
-0.244133775981086,-0.299686054000944,-0.922179329924757
-0.244537206449387,-0.29973542734399,-0.922054940887287
-0.244940636917688,-0.299784800687035,-0.921930551849817
-0.24534406738599,-0.29983417403008,-0.921806162812347
-0.245747497854291,-0.299883547373126,-0.921681773774878
-0.246150928322592,-0.299932920716171,-0.921557384737408
-0.246554358790893,-0.299982294059217,-0.921432995699938
-0.246957789259195,-0.300031667402262,-0.921308606662468
-0.247361219727496,-0.300081040745308,-0.921184217624998
-0.247764650195797,-0.300130414088353,-0.921059828587528
-0.248168080664099,-0.300179787431398,-0.920935439550059
-0.2485715111324,-0.300229160774444,-0.920811050512589
-0.248974941600701,-0.300278534117489,-0.920686661475119
-0.249378372069002,-0.300327907460535,-0.920562272437649
-0.249781802537304,-0.30037728080358,-0.920437883400179
-0.250185233005605,-0.300426654146625,-0.92031349436271
-0.250588663473906,-0.300476027489671,-0.92018910532524
-0.250992093942207,-0.300525400832716,-0.92006471628777
-0.251395524410509,-0.300574774175762,-0.9199403272503
-0.25179895487881,-0.300624147518807,-0.91981593821283
-0.252202385347111,-0.300673520861853,-0.91969154917536
-0.252605815815413,-0.300722894204898,-0.919567160137891
-0.253009246283714,-0.300772267547943,-0.919442771100421
-0.253412676752015,-0.300821640890989,-0.919318382062951
-0.253816107220316,-0.300871014234034,-0.919193993025481
-0.254219537688618,-0.30092038757708,-0.919069603988011
-0.254622968156919,-0.300969760920125,-0.918945214950541
-0.25502639862522,-0.30101913426317,-0.918820825913071
-0.255429829093521,-0.301068507606216,-0.918696436875602
-0.255833259561823,-0.301117880949261,-0.918572047838132
-0.256236690030124,-0.301167254292307,-0.918447658800662
-0.256640120498425,-0.301216627635352,-0.918323269763192
-0.257043550966726,-0.301266000978398,-0.918198880725722
-0.257446981435028,-0.301315374321443,-0.918074491688252
-0.257850411903329,-0.301364747664488,-0.917950102650783
-0.25825384237163,-0.301414121007534,-0.917825713613313
-0.258657272839932,-0.301463494350579,-0.917701324575843
-0.259060703308233,-0.301512867693625,-0.917576935538373
-0.259464133776534,-0.30156224103667,-0.917452546500903
-0.259991316503343,-0.301616167155762,-0.917279752314813
-0.260606893700514,-0.301673345257745,-0.917072383022565
-0.261222470897685,-0.301730523359727,-0.916865013730318
-0.261838048094856,-0.301787701461709,-0.91665764443807
-0.262453625292027,-0.301844879563692,-0.916450275145822
-0.263069202489199,-0.301902057665674,-0.916242905853575
-0.26368477968637,-0.301959235767657,-0.916035536561327
-0.264300356883541,-0.302016413869639,-0.915828167269079
-0.264915934080712,-0.302073591971622,-0.915620797976832
-0.265531511277883,-0.302130770073604,-0.915413428684584
-0.266147088475054,-0.302187948175587,-0.915206059392336
-0.266762665672225,-0.302245126277569,-0.914998690100089
-0.267378242869397,-0.302302304379551,-0.914791320807841
-0.267993820066568,-0.302359482481534,-0.914583951515593
-0.268609397263739,-0.302416660583516,-0.914376582223346
-0.26922497446091,-0.302473838685499,-0.914169212931098
-0.269840551658081,-0.302531016787481,-0.91396184363885
-0.270456128855252,-0.302588194889464,-0.913754474346603
-0.271071706052424,-0.302645372991446,-0.913547105054355
-0.271687283249595,-0.302702551093429,-0.913339735762107
-0.272302860446766,-0.302759729195411,-0.91313236646986
-0.272918437643937,-0.302816907297393,-0.912924997177612
-0.273534014841108,-0.302874085399376,-0.912717627885364
-0.274149592038279,-0.302931263501358,-0.912510258593117
-0.27476516923545,-0.302988441603341,-0.912302889300869
-0.275380746432622,-0.303045619705323,-0.912095520008621
-0.275996323629793,-0.303102797807306,-0.911888150716374
-0.276611900826964,-0.303159975909288,-0.911680781424126
-0.277227478024135,-0.303217154011271,-0.911473412131878
-0.277843055221306,-0.303274332113253,-0.911266042839631
-0.278458632418477,-0.303331510215236,-0.911058673547383
-0.279074209615648,-0.303388688317218,-0.910851304255135
-0.27968978681282,-0.3034458664192,-0.910643934962888
-0.280305364009991,-0.303503044521183,-0.91043656567064
-0.280920941207162,-0.303560222623165,-0.910229196378392
-0.281536518404333,-0.303617400725148,-0.910021827086144
-0.282152095601504,-0.30367457882713,-0.909814457793897
-0.282767672798675,-0.303731756929113,-0.909607088501649
-0.283383249995846,-0.303788935031095,-0.909399719209401
-0.283998827193018,-0.303846113133078,-0.909192349917154
-0.284614404390189,-0.30390329123506,-0.908984980624906
-0.28522998158736,-0.303960469337042,-0.908777611332658
-0.285845558784531,-0.304017647439025,-0.908570242040411
-0.286461135981702,-0.304074825541007,-0.908362872748163
-0.287076713178873,-0.30413200364299,-0.908155503455915
-0.287692290376045,-0.304189181744972,-0.907948134163668
-0.288307867573216,-0.304246359846955,-0.90774076487142
-0.288923444770387,-0.304303537948937,-0.907533395579172
-0.289539021967558,-0.30436071605092,-0.907326026286925
-0.290154599164729,-0.304417894152902,-0.907118656994677
-0.2907701763619,-0.304475072254885,-0.906911287702429
-0.291385753559071,-0.304532250356867,-0.906703918410182
-0.292001330756243,-0.304589428458849,-0.906496549117934
-0.292616907953414,-0.304646606560832,-0.906289179825686
-0.293232485150585,-0.304703784662814,-0.906081810533439
-0.293848062347756,-0.304760962764797,-0.905874441241191
-0.294463639544927,-0.304818140866779,-0.905667071948943
-0.295079216742098,-0.304875318968762,-0.905459702656696
-0.295694793939269,-0.304932497070744,-0.905252333364448
-0.296310371136441,-0.304989675172727,-0.9050449640722
-0.296925948333612,-0.305046853274709,-0.904837594779952
-0.297541525530783,-0.305104031376691,-0.904630225487705
-0.298392290943885,-0.305166412009526,-0.904309243806117
-0.299360650464952,-0.305231393907786,-0.90393145592986
-0.30032900998602,-0.305296375806046,-0.903553668053602
-0.301297369507087,-0.305361357704307,-0.903175880177345
-0.302265729028155,-0.305426339602567,-0.902798092301087
-0.303234088549222,-0.305491321500827,-0.90242030442483
-0.30420244807029,-0.305556303399088,-0.902042516548572
-0.305170807591357,-0.305621285297348,-0.901664728672315
-0.306139167112425,-0.305686267195608,-0.901286940796057
-0.307107526633492,-0.305751249093869,-0.9009091529198
-0.30807588615456,-0.305816230992129,-0.900531365043542
-0.309044245675627,-0.305881212890389,-0.900153577167285
-0.310012605196695,-0.305946194788649,-0.899775789291027
-0.310980964717762,-0.30601117668691,-0.89939800141477
-0.31194932423883,-0.30607615858517,-0.899020213538512
-0.312917683759897,-0.30614114048343,-0.898642425662255
-0.313886043280965,-0.306206122381691,-0.898264637785997
-0.314854402802032,-0.306271104279951,-0.89788684990974
-0.3158227623231,-0.306336086178211,-0.897509062033482
-0.316791121844167,-0.306401068076471,-0.897131274157225
-0.317759481365234,-0.306466049974732,-0.896753486280968
-0.318727840886302,-0.306531031872992,-0.89637569840471
-0.319696200407369,-0.306596013771252,-0.895997910528453
-0.320664559928437,-0.306660995669513,-0.895620122652195
-0.321632919449504,-0.306725977567773,-0.895242334775937
-0.322601278970572,-0.306790959466033,-0.89486454689968
-0.323569638491639,-0.306855941364294,-0.894486759023422
-0.324537998012707,-0.306920923262554,-0.894108971147165
-0.325506357533774,-0.306985905160814,-0.893731183270908
-0.326474717054842,-0.307050887059074,-0.89335339539465
-0.327443076575909,-0.307115868957335,-0.892975607518392
-0.328411436096977,-0.307180850855595,-0.892597819642135
-0.329379795618044,-0.307245832753855,-0.892220031765878
-0.330348155139112,-0.307310814652116,-0.89184224388962
-0.331316514660179,-0.307375796550376,-0.891464456013363
-0.332284874181247,-0.307440778448636,-0.891086668137105
-0.333253233702314,-0.307505760346897,-0.890708880260848
-0.334221593223382,-0.307570742245157,-0.89033109238459
-0.335189952744449,-0.307635724143417,-0.889953304508333
-0.336158312265517,-0.307700706041677,-0.889575516632075
-0.337126671786584,-0.307765687939938,-0.889197728755818
-0.338095031307652,-0.307830669838198,-0.88881994087956
-0.339063390828719,-0.307895651736458,-0.888442153003303
-0.340031750349786,-0.307960633634719,-0.888064365127045
-0.341000109870854,-0.308025615532979,-0.887686577250788
-0.341968469391921,-0.308090597431239,-0.88730878937453
-0.342936828912989,-0.308155579329499,-0.886931001498273
-0.343905188434056,-0.30822056122776,-0.886553213622015
-0.344873547955124,-0.30828554312602,-0.886175425745758
-0.345841907476191,-0.30835052502428,-0.8857976378695
-0.346810266997259,-0.308415506922541,-0.885419849993243
-0.347778626518326,-0.308480488820801,-0.885042062116985
-0.348746986039394,-0.308545470719061,-0.884664274240728
-0.349715345560461,-0.308610452617322,-0.88428648636447
-0.350683705081529,-0.308675434515582,-0.883908698488213
-0.351652064602596,-0.308740416413842,-0.883530910611955
-0.352620424123664,-0.308805398312102,-0.883153122735698
-0.353588783644731,-0.308870380210363,-0.88277533485944
-0.354557143165799,-0.308935362108623,-0.882397546983183
-0.355525502686866,-0.309000344006883,-0.882019759106925
-0.356493862207934,-0.309065325905144,-0.881641971230668
-0.357462221729001,-0.309130307803404,-0.88126418335441
-0.357546873521035,-0.309508493739214,-0.879697606509018
-0.357336956070057,-0.309991081020873,-0.877734766673914
-0.357127038619078,-0.310473668302533,-0.87577192683881
-0.3569171211681,-0.310956255584193,-0.873809087003706
-0.356707203717123,-0.311438842865852,-0.871846247168602
-0.356497286266144,-0.311921430147512,-0.869883407333498
-0.356287368815167,-0.312404017429172,-0.867920567498394
-0.356077451364189,-0.312886604710831,-0.86595772766329
-0.355867533913211,-0.313369191992491,-0.863994887828186
-0.355657616462233,-0.313851779274151,-0.862032047993081
-0.355447699011255,-0.314334366555811,-0.860069208157978
-0.355237781560277,-0.31481695383747,-0.858106368322873
-0.355027864109299,-0.31529954111913,-0.856143528487769
-0.354817946658321,-0.31578212840079,-0.854180688652665
-0.354608029207343,-0.316264715682449,-0.852217848817561
-0.354398111756365,-0.316747302964109,-0.850255008982457
-0.354188194305387,-0.317229890245769,-0.848292169147353
-0.353978276854409,-0.317712477527428,-0.846329329312249
-0.353768359403431,-0.318195064809088,-0.844366489477145
-0.353558441952453,-0.318677652090748,-0.842403649642041
-0.353348524501475,-0.319160239372407,-0.840440809806937
-0.353138607050497,-0.319642826654067,-0.838477969971833
-0.352928689599519,-0.320125413935727,-0.836515130136729
-0.352718772148541,-0.320608001217386,-0.834552290301625
-0.352508854697563,-0.321090588499046,-0.832589450466521
-0.352298937246585,-0.321573175780706,-0.830626610631417
-0.352089019795607,-0.322055763062365,-0.828663770796313
-0.351879102344629,-0.322538350344025,-0.826700930961209
-0.351669184893651,-0.323020937625685,-0.824738091126105
-0.351459267442673,-0.323503524907344,-0.822775251291001
-0.351249349991695,-0.323986112189004,-0.820812411455897
-0.351039432540717,-0.324468699470664,-0.818849571620793
-0.350829515089739,-0.324951286752323,-0.816886731785688
-0.350619597638761,-0.325433874033983,-0.814923891950584
-0.350409680187783,-0.325916461315643,-0.81296105211548
-0.350199762736805,-0.326399048597302,-0.810998212280377
-0.349989845285827,-0.326881635878962,-0.809035372445272
-0.349779927834849,-0.327364223160622,-0.807072532610168
-0.349570010383871,-0.327846810442281,-0.805109692775064
-0.349360092932893,-0.328329397723941,-0.80314685293996
-0.349150175481915,-0.328811985005601,-0.801184013104856
-0.348940258030937,-0.32929457228726,-0.799221173269752
-0.348730340579959,-0.32977715956892,-0.797258333434648
-0.348520423128981,-0.33025974685058,-0.795295493599544
-0.348310505678003,-0.33074233413224,-0.79333265376444
-0.348100588227025,-0.331224921413899,-0.791369813929336
-0.347890670776047,-0.331707508695559,-0.789406974094232
-0.347680753325069,-0.332190095977219,-0.787444134259128
-0.347470835874091,-0.332672683258878,-0.785481294424024
-0.347260918423113,-0.333155270540538,-0.78351845458892
-0.347051000972135,-0.333637857822198,-0.781555614753816
-0.346841083521157,-0.334120445103857,-0.779592774918712
-0.346631166070179,-0.334603032385517,-0.777629935083608
-0.346421248619201,-0.335085619667177,-0.775667095248504
-0.346211331168223,-0.335568206948836,-0.7737042554134
-0.346001413717245,-0.336050794230496,-0.771741415578296
-0.345791496266267,-0.336533381512156,-0.769778575743192
-0.345581578815289,-0.337015968793815,-0.767815735908088
-0.345371661364311,-0.337498556075475,-0.765852896072984
-0.345161743913333,-0.337981143357135,-0.763890056237879
-0.344951826462355,-0.338463730638794,-0.761927216402775
-0.344741909011377,-0.338946317920454,-0.759964376567671
-0.344420104898001,-0.339481862284454,-0.757764225211471
-0.344075923452147,-0.340027998064922,-0.755516611551051
-0.343731742006292,-0.34057413384539,-0.753268997890632
-0.343387560560437,-0.341120269625858,-0.751021384230212
-0.343043379114583,-0.341666405406326,-0.748773770569793
-0.342699197668728,-0.342212541186794,-0.746526156909373
-0.342355016222873,-0.342758676967262,-0.744278543248953
-0.342010834777019,-0.34330481274773,-0.742030929588534
-0.341666653331164,-0.343850948528198,-0.739783315928114
-0.341322471885309,-0.344397084308665,-0.737535702267694
-0.340978290439455,-0.344943220089133,-0.735288088607275
-0.3406341089936,-0.345489355869601,-0.733040474946855
-0.340289927547745,-0.346035491650069,-0.730792861286435
-0.339945746101891,-0.346581627430537,-0.728545247626016
-0.339601564656036,-0.347127763211005,-0.726297633965596
-0.339257383210181,-0.347673898991473,-0.724050020305177
-0.338913201764327,-0.348220034771941,-0.721802406644757
-0.338569020318472,-0.348766170552409,-0.719554792984337
-0.338224838872617,-0.349312306332877,-0.717307179323918
-0.337880657426763,-0.349858442113345,-0.715059565663498
-0.337536475980908,-0.350404577893813,-0.712811952003079
-0.337192294535053,-0.350950713674281,-0.710564338342659
-0.336848113089199,-0.351496849454749,-0.708316724682239
-0.336503931643344,-0.352042985235217,-0.70606911102182
-0.336159750197489,-0.352589121015685,-0.7038214973614
-0.335815568751635,-0.353135256796153,-0.701573883700981
-0.33547138730578,-0.353681392576621,-0.699326270040561
-0.335127205859925,-0.354227528357089,-0.697078656380141
-0.334783024414071,-0.354773664137557,-0.694831042719722
-0.334438842968216,-0.355319799918025,-0.692583429059302
-0.334094661522361,-0.355865935698492,-0.690335815398883
-0.333750480076507,-0.35641207147896,-0.688088201738463
-0.333406298630652,-0.356958207259428,-0.685840588078043
-0.333062117184797,-0.357504343039896,-0.683592974417624
-0.332717935738943,-0.358050478820364,-0.681345360757204
-0.332373754293088,-0.358596614600832,-0.679097747096785
-0.332029572847233,-0.3591427503813,-0.676850133436365
-0.331685391401379,-0.359688886161768,-0.674602519775945
-0.331341209955524,-0.360235021942236,-0.672354906115526
-0.330997028509669,-0.360781157722704,-0.670107292455106
-0.330652847063815,-0.361327293503172,-0.667859678794686
-0.33030866561796,-0.36187342928364,-0.665612065134267
-0.329964484172105,-0.362419565064108,-0.663364451473847
-0.329620302726251,-0.362965700844576,-0.661116837813427
-0.329276121280396,-0.363511836625044,-0.658869224153008
-0.328931939834541,-0.364057972405512,-0.656621610492588
-0.328587758388687,-0.36460410818598,-0.654373996832169
-0.328243576942832,-0.365150243966448,-0.652126383171749
-0.327899395496977,-0.365696379746916,-0.649878769511329
-0.327555214051123,-0.366242515527384,-0.64763115585091
-0.327211032605268,-0.366788651307851,-0.64538354219049
-0.326866851159413,-0.367334787088319,-0.64313592853007
-0.326522669713559,-0.367880922868787,-0.640888314869651
-0.326178488267704,-0.368427058649255,-0.638640701209231
-0.325834306821849,-0.368973194429723,-0.636393087548812
-0.325490125375995,-0.369519330210191,-0.634145473888392
-0.32514594393014,-0.370065465990659,-0.631897860227972
-0.324801762484285,-0.370611601771127,-0.629650246567553
-0.324457581038431,-0.371157737551595,-0.627402632907133
-0.324113399592576,-0.371703873332063,-0.625155019246713
-0.323769218146721,-0.372250009112531,-0.622907405586294
-0.323425036700866,-0.372796144892999,-0.620659791925874
-0.323058955361353,-0.373356734117941,-0.618275962559403
-0.322690883122415,-0.373918637292382,-0.615879749946928
-0.322322810883478,-0.374480540466822,-0.613483537334452
-0.32195473864454,-0.375042443641262,-0.611087324721977
-0.321586666405602,-0.375604346815702,-0.608691112109501
-0.321218594166665,-0.376166249990142,-0.606294899497026
-0.320850521927727,-0.376728153164582,-0.60389868688455
-0.32048244968879,-0.377290056339022,-0.601502474272075
-0.320114377449852,-0.377851959513462,-0.599106261659599
-0.319746305210915,-0.378413862687903,-0.596710049047123
-0.319378232971977,-0.378975765862343,-0.594313836434648
-0.31901016073304,-0.379537669036783,-0.591917623822172
-0.318642088494102,-0.380099572211223,-0.589521411209697
-0.318274016255165,-0.380661475385663,-0.587125198597221
-0.317905944016227,-0.381223378560103,-0.584728985984746
-0.31753787177729,-0.381785281734543,-0.58233277337227
-0.317169799538352,-0.382347184908983,-0.579936560759795
-0.316801727299414,-0.382909088083424,-0.577540348147319
-0.316433655060477,-0.383470991257864,-0.575144135534844
-0.316065582821539,-0.384032894432304,-0.572747922922368
-0.315697510582602,-0.384594797606744,-0.570351710309892
-0.315329438343664,-0.385156700781184,-0.567955497697417
-0.314961366104727,-0.385718603955624,-0.565559285084941
-0.314593293865789,-0.386280507130064,-0.563163072472466
-0.314225221626852,-0.386842410304504,-0.56076685985999
-0.313857149387914,-0.387404313478945,-0.558370647247515
-0.313489077148977,-0.387966216653385,-0.555974434635039
-0.313121004910039,-0.388528119827825,-0.553578222022564
-0.312752932671102,-0.389090023002265,-0.551182009410088
-0.312384860432164,-0.389651926176705,-0.548785796797613
-0.312016788193227,-0.390213829351145,-0.546389584185137
-0.311648715954289,-0.390775732525585,-0.543993371572662
-0.311280643715351,-0.391337635700025,-0.541597158960186
-0.310912571476414,-0.391899538874465,-0.53920094634771
-0.310544499237476,-0.392461442048906,-0.536804733735235
-0.310176426998539,-0.393023345223346,-0.534408521122759
-0.309808354759601,-0.393585248397786,-0.532012308510284
-0.309440282520664,-0.394147151572226,-0.529616095897808
-0.309072210281726,-0.394709054746666,-0.527219883285333
-0.308704138042789,-0.395270957921106,-0.524823670672857
-0.308336065803851,-0.395832861095546,-0.522427458060381
-0.307967993564914,-0.396394764269987,-0.520031245447906
-0.307599921325976,-0.396956667444427,-0.51763503283543
-0.307231849087039,-0.397518570618867,-0.515238820222955
-0.306863776848101,-0.398080473793307,-0.512842607610479
-0.306495704609164,-0.398642376967747,-0.510446394998004
-0.306127632370226,-0.399204280142187,-0.508050182385528
-0.305759560131288,-0.399766183316627,-0.505653969773053
-0.305391487892351,-0.400328086491067,-0.503257757160577
-0.305023415653413,-0.400889989665508,-0.500861544548101
-0.304655343414476,-0.401451892839948,-0.498465331935626
-0.304287271175538,-0.402013796014388,-0.49606911932315
-0.303919198936601,-0.402575699188828,-0.493672906710675
-0.303551126697663,-0.403137602363268,-0.491276694098199
-0.303183054458726,-0.403699505537708,-0.488880481485724
-0.302814982219788,-0.404261408712148,-0.486484268873248
-0.302446909980851,-0.404823311886588,-0.484088056260773
-0.302078837741913,-0.405385215061029,-0.481691843648297
-0.301710765502976,-0.405947118235469,-0.479295631035822
-0.301342693264038,-0.406509021409909,-0.476899418423346
-0.300974621025101,-0.407070924584349,-0.474503205810871
-0.300606548786163,-0.407632827758789,-0.472106993198395
-0.300224301391463,-0.40818851985649,-0.469606617979535
-0.299842053996762,-0.408744211954191,-0.467106242760675
-0.299459806602062,-0.409299904051892,-0.464605867541815
-0.299077559207361,-0.409855596149593,-0.462105492322955
-0.298695311812661,-0.410411288247295,-0.459605117104095
-0.298313064417961,-0.410966980344996,-0.457104741885235
-0.29793081702326,-0.411522672442697,-0.454604366666376
-0.29754856962856,-0.412078364540398,-0.452103991447516
-0.29716632223386,-0.412634056638099,-0.449603616228656
-0.296784074839159,-0.4131897487358,-0.447103241009796
-0.296401827444459,-0.413745440833501,-0.444602865790936
-0.296019580049758,-0.414301132931202,-0.442102490572076
-0.295637332655058,-0.414856825028903,-0.439602115353216
-0.295255085260358,-0.415412517126604,-0.437101740134356
-0.294872837865657,-0.415968209224306,-0.434601364915496
-0.294490590470957,-0.416523901322007,-0.432100989696636
-0.294108343076257,-0.417079593419708,-0.429600614477777
-0.293726095681556,-0.417635285517409,-0.427100239258917
-0.293343848286856,-0.41819097761511,-0.424599864040057
-0.292961600892155,-0.418746669712811,-0.422099488821197
-0.292579353497455,-0.419302361810512,-0.419599113602337
-0.292197106102755,-0.419858053908213,-0.417098738383477
-0.291814858708054,-0.420413746005914,-0.414598363164617
-0.291432611313354,-0.420969438103615,-0.412097987945757
-0.291050363918654,-0.421525130201317,-0.409597612726897
-0.290668116523953,-0.422080822299018,-0.407097237508037
-0.290285869129253,-0.422636514396719,-0.404596862289177
-0.289903621734552,-0.42319220649442,-0.402096487070317
-0.289521374339852,-0.423747898592121,-0.399596111851458
-0.289139126945152,-0.424303590689822,-0.397095736632598
-0.288756879550451,-0.424859282787523,-0.394595361413737
-0.288374632155751,-0.425414974885224,-0.392094986194878
-0.28799238476105,-0.425970666982925,-0.389594610976018
-0.28761013736635,-0.426526359080626,-0.387094235757158
-0.28722788997165,-0.427082051178328,-0.384593860538298
-0.286845642576949,-0.427637743276029,-0.382093485319438
-0.286463395182249,-0.42819343537373,-0.379593110100578
-0.286081147787549,-0.428749127471431,-0.377092734881718
-0.285698900392848,-0.429304819569132,-0.374592359662858
-0.285316652998148,-0.429860511666833,-0.372091984443998
-0.284934405603448,-0.430416203764534,-0.369591609225138
-0.284552158208747,-0.430971895862235,-0.367091234006279
-0.284169910814047,-0.431527587959936,-0.364590858787419
-0.283787663419346,-0.432083280057638,-0.362090483568559
-0.283405416024646,-0.432638972155339,-0.359590108349699
-0.283023168629946,-0.43319466425304,-0.357089733130839
-0.282640921235245,-0.433750356350741,-0.354589357911979
-0.282258673840545,-0.434306048448442,-0.352088982693119
-0.281876426445844,-0.434861740546143,-0.349588607474259
-0.281494179051144,-0.435417432643844,-0.347088232255399
-0.281111931656444,-0.435973124741545,-0.344587857036539
-0.280729684261743,-0.436528816839246,-0.342087481817679
-0.280347436867043,-0.437084508936947,-0.339587106598819
-0.279965189472343,-0.437640201034649,-0.33708673137996
-0.279582942077642,-0.43819589313235,-0.3345863561611
-0.279200694682942,-0.438751585230051,-0.33208598094224
-0.278818447288241,-0.439307277327752,-0.32958560572338
-0.278436199893541,-0.439862969425453,-0.32708523050452
-0.278053952498841,-0.440418661523154,-0.32458485528566
-0.27767170510414,-0.440974353620855,-0.3220844800668
-0.27728945770944,-0.441530045718556,-0.31958410484794
-0.27690686524155,-0.442083322223712,-0.317078911760774
-0.276520476968581,-0.44261002721087,-0.314520722122244
-0.276134088695611,-0.443136732198027,-0.311962532483713
-0.275747700422642,-0.443663437185185,-0.309404342845183
-0.275361312149672,-0.444190142172342,-0.306846153206652
-0.274974923876703,-0.4447168471595,-0.304287963568122
-0.274588535603733,-0.445243552146658,-0.301729773929591
-0.274202147330763,-0.445770257133815,-0.29917158429106
-0.273815759057794,-0.446296962120973,-0.29661339465253
-0.273429370784824,-0.44682366710813,-0.294055205013999
-0.273042982511854,-0.447350372095288,-0.291497015375469
-0.272656594238885,-0.447877077082445,-0.288938825736938
-0.272270205965915,-0.448403782069603,-0.286380636098407
-0.271883817692946,-0.44893048705676,-0.283822446459877
-0.271497429419976,-0.449457192043918,-0.281264256821346
-0.271111041147006,-0.449983897031076,-0.278706067182816
-0.270724652874037,-0.450510602018233,-0.276147877544285
-0.270338264601067,-0.451037307005391,-0.273589687905754
-0.269951876328098,-0.451564011992548,-0.271031498267224
-0.269565488055128,-0.452090716979706,-0.268473308628693
-0.269179099782158,-0.452617421966863,-0.265915118990163
-0.268792711509189,-0.453144126954021,-0.263356929351632
-0.268406323236219,-0.453670831941179,-0.260798739713102
-0.26801993496325,-0.454197536928336,-0.258240550074571
-0.26763354669028,-0.454724241915494,-0.25568236043604
-0.26724715841731,-0.455250946902651,-0.25312417079751
-0.266860770144341,-0.455777651889809,-0.250565981158979
-0.266474381871371,-0.456304356876966,-0.248007791520449
-0.266087993598402,-0.456831061864124,-0.245449601881918
-0.265701605325432,-0.457357766851282,-0.242891412243387
-0.265315217052462,-0.457884471838439,-0.240333222604857
-0.264928828779493,-0.458411176825597,-0.237775032966326
-0.264542440506523,-0.458937881812754,-0.235216843327796
-0.264156052233554,-0.459464586799912,-0.232658653689265
-0.263769663960584,-0.459991291787069,-0.230100464050735
-0.263383275687614,-0.460517996774227,-0.227542274412204
-0.262996887414645,-0.461044701761385,-0.224984084773673
-0.262610499141675,-0.461571406748542,-0.222425895135143
-0.262224110868706,-0.4620981117357,-0.219867705496612
-0.261837722595736,-0.462624816722857,-0.217309515858082
-0.261451334322766,-0.463151521710015,-0.214751326219551
-0.261064946049797,-0.463678226697172,-0.21219313658102
-0.260678557776827,-0.46420493168433,-0.20963494694249
-0.260292169503857,-0.464731636671487,-0.207076757303959
-0.259905781230888,-0.465258341658645,-0.204518567665429
-0.259519392957918,-0.465785046645803,-0.201960378026898
-0.259133004684949,-0.46631175163296,-0.199402188388367
-0.258746616411979,-0.466838456620118,-0.196843998749837
-0.25836022813901,-0.467365161607275,-0.194285809111306
-0.25797383986604,-0.467891866594433,-0.191727619472776
-0.25758745159307,-0.46841857158159,-0.189169429834245
-0.257201063320101,-0.468945276568748,-0.186611240195714
-0.256814675047131,-0.469471981555906,-0.184053050557184
-0.256428286774161,-0.469998686543063,-0.181494860918653
-0.256041898501192,-0.470525391530221,-0.178936671280123
-0.255655510228222,-0.471052096517378,-0.176378481641592
-0.255269121955253,-0.471578801504536,-0.173820292003061
-0.254882733682283,-0.472105506491693,-0.171262102364531
-0.254496345409313,-0.472632211478851,-0.168703912726
-0.254109957136344,-0.473158916466009,-0.16614572308747
-0.253723568863374,-0.473685621453166,-0.163587533448939
-0.253337180590405,-0.474212326440324,-0.161029343810408
-0.25295185409035,-0.474730430870326,-0.158469375633078
-0.252571836454871,-0.475205532514552,-0.155900514761744
-0.252191818819392,-0.475680634158778,-0.153331653890411
-0.251811801183913,-0.476155735803004,-0.150762793019078
-0.251431783548434,-0.47663083744723,-0.148193932147745
-0.251051765912955,-0.477105939091456,-0.145625071276412
-0.250671748277476,-0.477581040735682,-0.143056210405079
-0.250291730641998,-0.478056142379907,-0.140487349533746
-0.249911713006519,-0.478531244024133,-0.137918488662412
-0.24953169537104,-0.479006345668359,-0.135349627791079
-0.249151677735561,-0.479481447312585,-0.132780766919746
-0.248771660100082,-0.479956548956811,-0.130211906048413
-0.248391642464603,-0.480431650601037,-0.12764304517708
-0.248011624829124,-0.480906752245263,-0.125074184305747
-0.247631607193645,-0.481381853889489,-0.122505323434413
-0.247251589558166,-0.481856955533715,-0.11993646256308
-0.246871571922687,-0.482332057177941,-0.117367601691747
-0.246491554287208,-0.482807158822167,-0.114798740820414
-0.246111536651729,-0.483282260466392,-0.112229879949081
-0.24573151901625,-0.483757362110618,-0.109661019077748
-0.245351501380771,-0.484232463754844,-0.107092158206415
-0.244971483745292,-0.48470756539907,-0.104523297335081
-0.244591466109813,-0.485182667043296,-0.101954436463748
-0.244211448474334,-0.485657768687522,-0.0993855755924152
-0.243831430838855,-0.486132870331748,-0.0968167147210819
-0.243451413203376,-0.486607971975974,-0.0942478538497489
-0.243071395567897,-0.4870830736202,-0.0916789929784157
-0.242691377932419,-0.487558175264426,-0.0891101321070827
-0.24231136029694,-0.488033276908651,-0.0865412712357494
-0.241931342661461,-0.488508378552877,-0.0839724103644162
-0.241551325025982,-0.488983480197103,-0.0814035494930832
-0.241171307390503,-0.489458581841329,-0.0788346886217499
-0.240791289755024,-0.489933683485555,-0.076265827750417
-0.240411272119545,-0.490408785129781,-0.0736969668790837
-0.240031254484066,-0.490883886774007,-0.0711281060077507
-0.239651236848587,-0.491358988418233,-0.0685592451364175
-0.239271219213108,-0.491834090062459,-0.0659903842650842
-0.238891201577629,-0.492309191706685,-0.0634215233937513
-0.23851118394215,-0.492784293350911,-0.060852662522418
-0.238131166306671,-0.493259394995136,-0.058283801651085
-0.237751148671192,-0.493734496639362,-0.0557149407797518
-0.237371131035713,-0.494209598283588,-0.0531460799084185
-0.236991113400234,-0.494684699927814,-0.0505772190370855
-0.236611095764755,-0.49515980157204,-0.0480083581657523
-0.236231078129276,-0.495634903216266,-0.0454394972944193
-0.235851060493797,-0.496110004860492,-0.0428706364230861
-0.235471042858318,-0.496585106504718,-0.0403017755517528
-0.23509102522284,-0.497060208148944,-0.0377329146804198
-0.234711007587361,-0.49753530979317,-0.0351640538090866
-0.234330989951882,-0.498010411437396,-0.0325951929377536
-0.233950972316403,-0.498485513081622,-0.0300263320664203
-0.233570954680924,-0.498960614725847,-0.0274574711950871
-0.233190937045445,-0.499435716370073,-0.0248886103237541
-0.232810919409966,-0.499910818014299,-0.0223197494524209
-0.232430901774487,-0.500385919658525,-0.0197508885810879
-0.232050884139008,-0.500861021302751,-0.0171820277097546
-0.231670866503529,-0.501336122946977,-0.0146131668384214
-0.23129084886805,-0.501811224591203,-0.0120443059670884
-0.230910831232571,-0.502286326235429,-0.00947544509575513
-0.230530813597092,-0.502761427879655,-0.00690658422442217
-0.230150795961613,-0.503236529523881,-0.00433772335308891
-0.229770778326134,-0.503711631168107,-0.00176886248175565
-0.229394782319524,-0.504168257337881,0.000790880184603656
-0.229030851199521,-0.504569457084302,0.00332326823604222
-0.228666920079517,-0.504970656830723,0.0058556562874805
-0.228302988959514,-0.505371856577143,0.00838804433891906
-0.22793905783951,-0.505773056323564,0.0109204323903576
-0.227575126719506,-0.506174256069985,0.0134528204417959
-0.227211195599503,-0.506575455816405,0.0159852084932345
-0.226847264479499,-0.506976655562826,0.0185175965446727
-0.226483333359496,-0.507377855309247,0.0210499845961113
-0.226119402239492,-0.507779055055667,0.0235823726475499
-0.225755471119489,-0.508180254802088,0.0261147606989881
-0.225391539999485,-0.508581454548509,0.0286471487504267
-0.225027608879482,-0.508982654294929,0.031179536801865
-0.224663677759478,-0.50938385404135,0.0337119248533035
-0.224299746639475,-0.509785053787771,0.0362443129047421
-0.223935815519471,-0.510186253534191,0.0387767009561804
-0.223571884399468,-0.510587453280612,0.0413090890076189
-0.223207953279464,-0.510988653027033,0.0438414770590572
-0.222844022159461,-0.511389852773454,0.0463738651104958
-0.222480091039457,-0.511791052519874,0.0489062531619344
-0.222116159919454,-0.512192252266295,0.0514386412133726
-0.22175222879945,-0.512593452012716,0.0539710292648112
-0.221388297679447,-0.512994651759136,0.0565034173162495
-0.221024366559443,-0.513395851505557,0.059035805367688
-0.220660435439439,-0.513797051251978,0.0615681934191266
-0.220296504319436,-0.514198250998398,0.0641005814705649
-0.219932573199432,-0.514599450744819,0.0666329695220034
-0.219568642079429,-0.51500065049124,0.0691653575734417
-0.219204710959425,-0.515401850237661,0.0716977456248803
-0.218840779839422,-0.515803049984081,0.0742301336763188
-0.218476848719418,-0.516204249730502,0.0767625217277571
-0.218112917599415,-0.516605449476923,0.0792949097791957
-0.217748986479411,-0.517006649223343,0.081827297830634
-0.217385055359408,-0.517407848969764,0.0843596858820725
-0.217021124239404,-0.517809048716185,0.0868920739335111
-0.216657193119401,-0.518210248462605,0.0894244619849493
-0.216293261999397,-0.518611448209026,0.0919568500363879
-0.215929330879394,-0.519012647955447,0.0944892380878262
-0.21556539975939,-0.519413847701867,0.0970216261392648
-0.215201468639387,-0.519815047448288,0.0995540141907033
-0.214837537519383,-0.520216247194709,0.102086402242142
-0.21447360639938,-0.520617446941129,0.10461879029358
-0.214109675279376,-0.52101864668755,0.107151178345018
-0.213745744159372,-0.521419846433971,0.109683566396457
-0.213381813039369,-0.521821046180391,0.112215954447896
-0.213017881919365,-0.522222245926812,0.114748342499334
-0.212653950799362,-0.522623445673233,0.117280730550772
-0.212290019679358,-0.523024645419654,0.119813118602211
-0.211926088559355,-0.523425845166074,0.122345506653649
-0.211562157439351,-0.523827044912495,0.124877894705088
-0.211198226319348,-0.524228244658916,0.127410282756526
-0.210834295199344,-0.524629444405336,0.129942670807965
-0.210470364079341,-0.525030644151757,0.132475058859403
-0.210106432959337,-0.525431843898178,0.135007446910841
-0.209742501839334,-0.525833043644598,0.13753983496228
-0.20937857071933,-0.526234243391019,0.140072223013718
-0.209014639599327,-0.52663544313744,0.142604611065157
-0.208650708479323,-0.52703664288386,0.145136999116595
-0.20828677735932,-0.527437842630281,0.147669387168034
-0.207922846239316,-0.527839042376702,0.150201775219472
-0.207558915119313,-0.528240242123122,0.152734163270911
-0.207194983999309,-0.528641441869543,0.155266551322349
-0.206839653356239,-0.529010894080351,0.157771385714793
-0.206501523667037,-0.529316851219932,0.160221112789248
-0.206163393977834,-0.529622808359513,0.162670839863703
-0.205825264288632,-0.529928765499095,0.165120566938158
-0.205487134599429,-0.530234722638676,0.167570294012613
-0.205149004910227,-0.530540679778257,0.170020021087068
-0.204810875221024,-0.530846636917838,0.172469748161523
-0.204472745531822,-0.531152594057419,0.174919475235978
-0.204134615842619,-0.531458551197001,0.177369202310433
-0.203796486153417,-0.531764508336582,0.179818929384888
-0.203458356464214,-0.532070465476163,0.182268656459342
-0.203120226775012,-0.532376422615744,0.184718383533797
-0.202782097085809,-0.532682379755326,0.187168110608253
-0.202443967396607,-0.532988336894907,0.189617837682707
-0.202105837707404,-0.533294294034488,0.192067564757162
-0.201767708018202,-0.53360025117407,0.194517291831618
-0.201429578328999,-0.533906208313651,0.196967018906072
-0.201091448639797,-0.534212165453232,0.199416745980527
-0.200753318950594,-0.534518122592813,0.201866473054982
-0.200415189261392,-0.534824079732394,0.204316200129437
-0.200077059572189,-0.535130036871976,0.206765927203892
-0.199738929882987,-0.535435994011557,0.209215654278347
-0.199400800193784,-0.535741951151138,0.211665381352802
-0.199062670504582,-0.536047908290719,0.214115108427257
-0.198724540815379,-0.536353865430301,0.216564835501712
-0.198386411126177,-0.536659822569882,0.219014562576167
-0.198048281436974,-0.536965779709463,0.221464289650622
-0.197710151747772,-0.537271736849044,0.223914016725077
-0.197372022058569,-0.537577693988626,0.226363743799532
-0.197033892369367,-0.537883651128207,0.228813470873987
-0.196695762680164,-0.538189608267788,0.231263197948442
-0.196357632990962,-0.538495565407369,0.233712925022896
-0.196019503301759,-0.538801522546951,0.236162652097352
-0.195681373612557,-0.539107479686532,0.238612379171807
-0.195343243923354,-0.539413436826113,0.241062106246261
-0.195005114234152,-0.539719393965694,0.243511833320717
-0.194666984544949,-0.540025351105276,0.245961560395171
-0.194328854855747,-0.540331308244857,0.248411287469626
-0.193990725166544,-0.540637265384438,0.250861014544081
-0.193652595477342,-0.540943222524019,0.253310741618536
-0.193314465788139,-0.541249179663601,0.255760468692991
-0.192976336098937,-0.541555136803182,0.258210195767446
-0.192638206409734,-0.541861093942763,0.260659922841901
-0.192300076720532,-0.542167051082344,0.263109649916356
-0.191961947031329,-0.542473008221926,0.265559376990811
-0.191623817342126,-0.542778965361507,0.268009104065266
-0.191285687652924,-0.543084922501088,0.270458831139721
-0.190947557963722,-0.543390879640669,0.272908558214176
-0.190609428274519,-0.543696836780251,0.275358285288631
-0.190271298585316,-0.544002793919832,0.277808012363086
-0.189933168896114,-0.544308751059413,0.280257739437541
-0.189595039206912,-0.544614708198994,0.282707466511996
-0.189256909517709,-0.544920665338576,0.285157193586451
-0.188918779828506,-0.545226622478157,0.287606920660906
-0.188580650139304,-0.545532579617738,0.29005664773536
-0.188242520450101,-0.545838536757319,0.292506374809816
-0.187904390760899,-0.546144493896901,0.294956101884271
-0.187566261071697,-0.546450451036482,0.297405828958725
-0.187228131382494,-0.546756408176063,0.29985555603318
-0.186890001693291,-0.547062365315644,0.302305283107635
-0.186551872004089,-0.547368322455226,0.30475501018209
-0.186213742314886,-0.547674279594807,0.307204737256545
-0.185890079687774,-0.547932323183699,0.309601706298492
-0.185586670947588,-0.548123287801627,0.311924814094926
-0.185283262207402,-0.548314252419556,0.31424792189136
-0.184979853467216,-0.548505217037484,0.316571029687794
-0.18467644472703,-0.548696181655412,0.318894137484228
-0.184373035986844,-0.54888714627334,0.321217245280662
-0.184069627246657,-0.549078110891268,0.323540353077096
-0.183766218506471,-0.549269075509196,0.325863460873531
-0.183462809766285,-0.549460040127124,0.328186568669965
-0.183159401026099,-0.549651004745052,0.330509676466398
-0.182855992285913,-0.549841969362981,0.332832784262833
-0.182552583545727,-0.550032933980909,0.335155892059267
-0.182249174805541,-0.550223898598837,0.337478999855701
-0.181945766065355,-0.550414863216765,0.339802107652135
-0.181642357325168,-0.550605827834693,0.342125215448569
-0.181338948584982,-0.550796792452621,0.344448323245003
-0.181035539844796,-0.550987757070549,0.346771431041437
-0.18073213110461,-0.551178721688477,0.349094538837872
-0.180428722364424,-0.551369686306406,0.351417646634306
-0.180125313624238,-0.551560650924334,0.35374075443074
-0.179821904884052,-0.551751615542262,0.356063862227174
-0.179518496143866,-0.55194258016019,0.358386970023608
-0.17921508740368,-0.552133544778118,0.360710077820042
-0.178911678663493,-0.552324509396046,0.363033185616477
-0.178608269923307,-0.552515474013974,0.365356293412911
-0.178304861183121,-0.552706438631902,0.367679401209345
-0.178001452442935,-0.55289740324983,0.370002509005778
-0.177698043702749,-0.553088367867759,0.372325616802213
-0.177394634962563,-0.553279332485687,0.374648724598647
-0.177091226222377,-0.553470297103615,0.376971832395081
-0.176787817482191,-0.553661261721543,0.379294940191515
-0.176484408742005,-0.553852226339471,0.381618047987949
-0.176181000001818,-0.554043190957399,0.383941155784383
-0.175877591261632,-0.554234155575327,0.386264263580818
-0.175574182521446,-0.554425120193256,0.388587371377252
-0.17527077378126,-0.554616084811184,0.390910479173686
-0.174967365041074,-0.554807049429112,0.39323358697012
-0.174663956300888,-0.55499801404704,0.395556694766554
-0.174360547560702,-0.555188978664968,0.397879802562988
-0.174057138820516,-0.555379943282896,0.400202910359422
-0.173753730080329,-0.555570907900824,0.402526018155857
-0.173450321340143,-0.555761872518752,0.404849125952291
-0.173146912599957,-0.555952837136681,0.407172233748725
-0.172843503859771,-0.556143801754609,0.409495341545159
-0.172540095119585,-0.556334766372537,0.411818449341593
-0.172236686379399,-0.556525730990465,0.414141557138027
-0.171933277639213,-0.556716695608393,0.416464664934461
-0.171629868899027,-0.556907660226321,0.418787772730895
-0.171326460158841,-0.557098624844249,0.421110880527329
-0.171023051418654,-0.557289589462177,0.423433988323763
-0.170719642678468,-0.557480554080106,0.425757096120198
-0.170416233938282,-0.557671518698034,0.428080203916632
-0.170112825198096,-0.557862483315962,0.430403311713066
-0.16980941645791,-0.55805344793389,0.4327264195095
-0.169506007717724,-0.558244412551818,0.435049527305934
-0.169202598977538,-0.558435377169746,0.437372635102368
-0.168899190237352,-0.558626341787674,0.439695742898802
-0.168595781497166,-0.558817306405602,0.442018850695237
-0.168292372756979,-0.559008271023531,0.444341958491671
-0.167988964016793,-0.559199235641459,0.446665066288105
-0.167685555276607,-0.559390200259387,0.448988174084539
-0.167382146536421,-0.559581164877315,0.451311281880973
-0.167100079949258,-0.559705554877444,0.453550135824594
-0.166839355515118,-0.559763370259774,0.455704735915401
-0.166578631080977,-0.559821185642103,0.457859336006208
-0.166317906646837,-0.559879001024433,0.460013936097015
-0.166057182212697,-0.559936816406763,0.462168536187822
-0.165796457778557,-0.559994631789093,0.46432313627863
-0.165535733344417,-0.560052447171423,0.466477736369437
-0.165275008910276,-0.560110262553753,0.468632336460244
-0.165014284476136,-0.560168077936082,0.470786936551052
-0.164753560041996,-0.560225893318412,0.472941536641859
-0.164492835607856,-0.560283708700742,0.475096136732666
-0.164232111173715,-0.560341524083072,0.477250736823473
-0.163971386739575,-0.560399339465402,0.479405336914281
-0.163710662305435,-0.560457154847732,0.481559937005088
-0.163449937871295,-0.560514970230061,0.483714537095895
-0.163189213437154,-0.560572785612391,0.485869137186702
-0.162928489003014,-0.560630600994721,0.48802373727751
-0.162667764568874,-0.560688416377051,0.490178337368317
-0.162407040134734,-0.560746231759381,0.492332937459124
-0.162146315700593,-0.56080404714171,0.494487537549931
-0.161885591266453,-0.56086186252404,0.496642137640739
-0.161624866832313,-0.56091967790637,0.498796737731546
-0.161364142398173,-0.5609774932887,0.500951337822353
-0.161103417964033,-0.56103530867103,0.50310593791316
-0.160842693529892,-0.561093124053359,0.505260538003967
-0.160581969095752,-0.561150939435689,0.507415138094775
-0.160321244661612,-0.561208754818019,0.509569738185582
-0.160060520227472,-0.561266570200349,0.511724338276389
-0.159799795793331,-0.561324385582679,0.513878938367197
-0.159539071359191,-0.561382200965009,0.516033538458004
-0.159278346925051,-0.561440016347338,0.518188138548811
-0.159017622490911,-0.561497831729668,0.520342738639618
-0.15875689805677,-0.561555647111998,0.522497338730426
-0.15849617362263,-0.561613462494328,0.524651938821233
-0.15823544918849,-0.561671277876658,0.52680653891204
-0.15797472475435,-0.561729093258987,0.528961139002847
-0.15771400032021,-0.561786908641317,0.531115739093655
-0.157453275886069,-0.561844724023647,0.533270339184462
-0.157192551451929,-0.561902539405977,0.535424939275269
-0.156931827017789,-0.561960354788307,0.537579539366076
-0.156671102583649,-0.562018170170636,0.539734139456883
-0.156410378149508,-0.562075985552966,0.541888739547691
-0.156149653715368,-0.562133800935296,0.544043339638498
-0.155888929281228,-0.562191616317626,0.546197939729305
-0.155628204847088,-0.562249431699956,0.548352539820112
-0.155367480412947,-0.562307247082286,0.55050713991092
-0.155106755978807,-0.562365062464615,0.552661740001727
-0.154846031544667,-0.562422877846945,0.554816340092534
-0.154585307110527,-0.562480693229275,0.556970940183342
-0.154324582676387,-0.562538508611605,0.559125540274149
-0.154063858242246,-0.562596323993935,0.561280140364956
-0.153803133808106,-0.562654139376264,0.563434740455763
-0.153542409373966,-0.562711954758594,0.565589340546571
-0.153281684939826,-0.562769770140924,0.567743940637378
-0.153020960505685,-0.562827585523254,0.569898540728185
-0.152760236071545,-0.562885400905584,0.572053140818992
-0.152499511637405,-0.562943216287914,0.5742077409098
-0.152238787203265,-0.563001031670243,0.576362341000607
-0.151978062769124,-0.563058847052573,0.578516941091414
-0.151717338334984,-0.563116662434903,0.580671541182221
-0.151456613900844,-0.563174477817233,0.582826141273028
-0.151195889466704,-0.563232293199563,0.584980741363836
-0.150964059226445,-0.563203518515802,0.58701511980868
-0.150752867696102,-0.563112893784833,0.588963625649263
-0.150541676165759,-0.563022269053864,0.590912131489847
-0.150330484635416,-0.562931644322895,0.592860637330431
-0.150119293105072,-0.562841019591926,0.594809143171015
-0.149908101574729,-0.562750394860957,0.596757649011599
-0.149696910044386,-0.562659770129988,0.598706154852183
-0.149485718514043,-0.562569145399019,0.600654660692767
-0.1492745269837,-0.562478520668051,0.60260316653335
-0.149063335453357,-0.562387895937082,0.604551672373934
-0.148852143923013,-0.562297271206113,0.606500178214518
-0.14864095239267,-0.562206646475144,0.608448684055102
-0.148429760862327,-0.562116021744175,0.610397189895686
-0.148218569331984,-0.562025397013206,0.61234569573627
-0.148007377801641,-0.561934772282237,0.614294201576854
-0.147796186271297,-0.561844147551268,0.616242707417438
-0.147584994740954,-0.5617535228203,0.618191213258022
-0.147373803210611,-0.561662898089331,0.620139719098606
-0.147162611680268,-0.561572273358362,0.622088224939189
-0.146951420149925,-0.561481648627393,0.624036730779773
-0.146740228619581,-0.561391023896424,0.625985236620357
-0.146529037089238,-0.561300399165455,0.627933742460941
-0.146317845558895,-0.561209774434486,0.629882248301525
-0.146106654028552,-0.561119149703517,0.631830754142109
-0.145895462498209,-0.561028524972549,0.633779259982693
-0.145684270967866,-0.56093790024158,0.635727765823277
-0.145473079437522,-0.560847275510611,0.63767627166386
-0.145261887907179,-0.560756650779642,0.639624777504444
-0.145050696376836,-0.560666026048673,0.641573283345028
-0.144839504846493,-0.560575401317704,0.643521789185612
-0.14462831331615,-0.560484776586735,0.645470295026196
-0.144417121785807,-0.560394151855766,0.64741880086678
-0.144205930255463,-0.560303527124798,0.649367306707364
-0.14399473872512,-0.560212902393829,0.651315812547948
-0.143783547194777,-0.56012227766286,0.653264318388532
-0.143572355664434,-0.560031652931891,0.655212824229115
-0.143361164134091,-0.559941028200922,0.657161330069699
-0.143149972603747,-0.559850403469953,0.659109835910283
-0.142938781073404,-0.559759778738984,0.661058341750867
-0.142727589543061,-0.559669154008016,0.663006847591451
-0.142516398012718,-0.559578529277047,0.664955353432035
-0.142305206482375,-0.559487904546078,0.666903859272619
-0.142094014952032,-0.559397279815109,0.668852365113203
-0.141882823421688,-0.55930665508414,0.670800870953787
-0.141671631891345,-0.559216030353171,0.672749376794371
-0.141460440361002,-0.559125405622202,0.674697882634954
-0.141249248830659,-0.559034780891233,0.676646388475538
-0.141038057300316,-0.558944156160264,0.678594894316122
-0.140826865769972,-0.558853531429296,0.680543400156706
-0.140615674239629,-0.558762906698327,0.68249190599729
-0.140404482709286,-0.558672281967358,0.684440411837874
-0.140193291178943,-0.558581657236389,0.686388917678458
-0.1399820996486,-0.55849103250542,0.688337423519042
-0.139770908118256,-0.558400407774451,0.690285929359626
-0.139559716587913,-0.558309783043482,0.69223443520021
-0.13934852505757,-0.558219158312514,0.694182941040793
-0.139137333527227,-0.558128533581545,0.696131446881377
-0.138926141996884,-0.558037908850576,0.698079952721961
-0.138714950466541,-0.557947284119607,0.700028458562545
-0.138503758936197,-0.557856659388638,0.701976964403129
-0.138292567405854,-0.557766034657669,0.703925470243713
-0.138081375875511,-0.5576754099267,0.705873976084297
-0.137906816252789,-0.557477331257765,0.707662681150243
-0.137750572583877,-0.557225525619845,0.709371485828872
-0.137594328914965,-0.556973719981926,0.7110802905075
-0.137438085246054,-0.556721914344007,0.712789095186128
-0.137281841577142,-0.556470108706088,0.714497899864756
-0.13712559790823,-0.556218303068168,0.716206704543384
-0.136969354239318,-0.555966497430249,0.717915509222012
-0.136813110570407,-0.55571469179233,0.71962431390064
-0.136656866901495,-0.55546288615441,0.721333118579269
-0.136500623232583,-0.555211080516491,0.723041923257897
-0.136344379563671,-0.554959274878572,0.724750727936525
-0.13618813589476,-0.554707469240653,0.726459532615153
-0.136031892225848,-0.554455663602734,0.728168337293781
-0.135875648556936,-0.554203857964814,0.729877141972409
-0.135719404888024,-0.553952052326895,0.731585946651037
-0.135563161219113,-0.553700246688976,0.733294751329666
-0.135406917550201,-0.553448441051057,0.735003556008294
-0.135250673881289,-0.553196635413137,0.736712360686922
-0.135094430212377,-0.552944829775218,0.73842116536555
-0.134938186543466,-0.552693024137299,0.740129970044178
-0.134781942874554,-0.55244121849938,0.741838774722806
-0.134625699205642,-0.55218941286146,0.743547579401435
-0.13446945553673,-0.551937607223541,0.745256384080063
-0.134313211867819,-0.551685801585622,0.746965188758691
-0.134156968198907,-0.551433995947703,0.748673993437319
-0.134000724529995,-0.551182190309783,0.750382798115947
-0.133844480861083,-0.550930384671864,0.752091602794575
-0.133688237192172,-0.550678579033945,0.753800407473203
-0.13353199352326,-0.550426773396026,0.755509212151831
-0.133375749854348,-0.550174967758106,0.757218016830459
-0.133219506185436,-0.549923162120187,0.758926821509088
-0.133063262516524,-0.549671356482268,0.760635626187716
-0.132907018847613,-0.549419550844349,0.762344430866344
-0.132750775178701,-0.549167745206429,0.764053235544972
-0.132594531509789,-0.54891593956851,0.7657620402236
-0.132438287840877,-0.548664133930591,0.767470844902229
-0.132282044171966,-0.548412328292672,0.769179649580857
-0.132125800503054,-0.548160522654753,0.770888454259485
-0.131969556834142,-0.547908717016833,0.772597258938113
-0.13181331316523,-0.547656911378914,0.774306063616741
-0.131657069496319,-0.547405105740995,0.776014868295369
-0.131500825827407,-0.547153300103076,0.777723672973997
-0.131344582158495,-0.546901494465156,0.779432477652625
-0.131188338489583,-0.546649688827237,0.781141282331253
-0.131032094820672,-0.546397883189318,0.782850087009881
-0.13087585115176,-0.546146077551399,0.78455889168851
-0.130719607482848,-0.545894271913479,0.786267696367138
-0.130563363813936,-0.54564246627556,0.787976501045766
-0.130407120145025,-0.545390660637641,0.789685305724394
-0.130250876476113,-0.545138854999722,0.791394110403022
-0.130094632807201,-0.544887049361802,0.79310291508165
-0.129938389138289,-0.544635243723883,0.794811719760278
-0.129782145469378,-0.544383438085964,0.796520524438907
-0.129625901800466,-0.544131632448045,0.798229329117535
-0.129469658131554,-0.543879826810125,0.799938133796163
-0.129313414462642,-0.543628021172206,0.801646938474791
-0.129157170793731,-0.543376215534287,0.803355743153419
-0.129000927124819,-0.543124409896368,0.805064547832047
-0.128844683455907,-0.542872604258448,0.806773352510676
-0.128688439786995,-0.542620798620529,0.808482157189304
-0.128532196118084,-0.54236899298261,0.810190961867932
-0.128375952449172,-0.542117187344691,0.81189976654656
-0.128252916549449,-0.54143356193925,0.812937846414815
-0.128140949906122,-0.540605996611301,0.813752351346279
-0.128028983262795,-0.539778431283352,0.814566856277743
-0.127917016619468,-0.538950865955404,0.815381361209207
-0.127805049976141,-0.538123300627455,0.816195866140671
-0.127693083332814,-0.537295735299507,0.817010371072135
-0.127581116689487,-0.536468169971558,0.817824876003599
-0.12746915004616,-0.53564060464361,0.818639380935063
-0.127357183402833,-0.534813039315661,0.819453885866527
-0.127245216759506,-0.533985473987713,0.820268390797991
-0.127133250116179,-0.533157908659764,0.821082895729455
-0.127021283472852,-0.532330343331816,0.821897400660919
-0.126909316829525,-0.531502778003867,0.822711905592383
-0.126797350186198,-0.530675212675918,0.823526410523847
-0.126685383542871,-0.52984764734797,0.824340915455311
-0.126573416899544,-0.529020082020021,0.825155420386775
-0.126461450256217,-0.528192516692073,0.825969925318239
-0.12634948361289,-0.527364951364124,0.826784430249703
-0.126237516969563,-0.526537386036176,0.827598935181167
-0.126125550326236,-0.525709820708227,0.828413440112631
-0.126013583682909,-0.524882255380279,0.829227945044095
-0.125901617039582,-0.52405469005233,0.830042449975559
-0.125789650396255,-0.523227124724381,0.830856954907023
-0.125677683752928,-0.522399559396433,0.831671459838487
-0.125565717109601,-0.521571994068484,0.832485964769951
-0.125453750466274,-0.520744428740536,0.833300469701415
-0.125341783822946,-0.519916863412587,0.834114974632879
-0.125229817179619,-0.519089298084639,0.834929479564343
-0.125117850536292,-0.51826173275669,0.835743984495807
-0.125005883892965,-0.517434167428742,0.836558489427271
-0.124893917249638,-0.516606602100793,0.837372994358735
-0.124781950606311,-0.515779036772845,0.838187499290199
-0.124669983962984,-0.514951471444896,0.839002004221663
-0.124558017319657,-0.514123906116947,0.839816509153127
-0.12444605067633,-0.513296340788999,0.840631014084591
-0.124334084033003,-0.51246877546105,0.841445519016055
-0.124222117389676,-0.511641210133102,0.842260023947519
-0.124110150746349,-0.510813644805153,0.843074528878983
-0.123998184103022,-0.509986079477205,0.843889033810447
-0.123886217459695,-0.509158514149256,0.844703538741911
-0.123774250816368,-0.508330948821308,0.845518043673375
-0.123662284173041,-0.507503383493359,0.846332548604839
-0.123550317529714,-0.506675818165411,0.847147053536303
-0.123438350886387,-0.505848252837462,0.847961558467767
-0.12332638424306,-0.505020687509513,0.848776063399231
-0.123214417599733,-0.504193122181565,0.849590568330695
-0.123102450956406,-0.503365556853616,0.850405073262159
-0.122990484313079,-0.502537991525668,0.851219578193623
-0.122878517669752,-0.501710426197719,0.852034083125087
-0.122766551026425,-0.500882860869771,0.852848588056551
-0.122654584383098,-0.500055295541822,0.853663092988015
-0.122542617739771,-0.499227730213874,0.854477597919479
-0.122430651096444,-0.498400164885925,0.855292102850943
-0.122318684453117,-0.497572599557976,0.856106607782407
-0.12220671780979,-0.496745034230028,0.856921112713871
-0.122094751166463,-0.495917468902079,0.857735617645335
-0.121982784523136,-0.495089903574131,0.858550122576799
-0.121870817879809,-0.494262338246182,0.859364627508263
-0.121758851236482,-0.493434772918234,0.860179132439727
-0.121646884593155,-0.492607207590285,0.860993637371191
-0.121534917949828,-0.491779642262337,0.861808142302655
-0.121422951306501,-0.490952076934388,0.862622647234119
-0.121349873083918,-0.490011961110347,0.86318670114951
-0.121284572545484,-0.489049335187088,0.863700664861687
-0.12121927200705,-0.488086709263828,0.864214628573863
-0.121153971468616,-0.487124083340569,0.864728592286039
-0.121088670930182,-0.48616145741731,0.865242555998215
-0.121023370391748,-0.48519883149405,0.865756519710392
-0.120958069853314,-0.484236205570791,0.866270483422568
-0.12089276931488,-0.483273579647531,0.866784447134744
-0.120827468776446,-0.482310953724272,0.867298410846921
-0.120762168238012,-0.481348327801012,0.867812374559097
-0.120696867699578,-0.480385701877753,0.868326338271273
-0.120631567161144,-0.479423075954493,0.868840301983449
-0.12056626662271,-0.478460450031234,0.869354265695626
-0.120500966084276,-0.477497824107975,0.869868229407802
-0.120435665545842,-0.476535198184715,0.870382193119978
-0.120370365007408,-0.475572572261456,0.870896156832154
-0.120305064468974,-0.474609946338196,0.871410120544331
-0.12023976393054,-0.473647320414937,0.871924084256507
-0.120174463392106,-0.472684694491677,0.872438047968683
-0.120109162853672,-0.471722068568418,0.872952011680859
-0.120043862315238,-0.470759442645159,0.873465975393036
-0.119978561776804,-0.469796816721899,0.873979939105212
-0.11991326123837,-0.46883419079864,0.874493902817388
-0.119847960699936,-0.46787156487538,0.875007866529564
-0.119782660161502,-0.466908938952121,0.875521830241741
-0.119717359623068,-0.465946313028861,0.876035793953917
-0.119652059084634,-0.464983687105602,0.876549757666093
-0.1195867585462,-0.464021061182343,0.87706372137827
-0.119521458007766,-0.463058435259083,0.877577685090446
-0.119456157469332,-0.462095809335824,0.878091648802622
-0.119390856930898,-0.461133183412565,0.878605612514799
-0.119325556392464,-0.460170557489305,0.879119576226975
-0.11926025585403,-0.459207931566046,0.879633539939151
-0.119194955315596,-0.458245305642786,0.880147503651327
-0.119129654777162,-0.457282679719527,0.880661467363504
-0.119064354238728,-0.456320053796267,0.88117543107568
-0.118999053700294,-0.455357427873008,0.881689394787856
-0.11893375316186,-0.454394801949749,0.882203358500032
-0.118868452623426,-0.453432176026489,0.882717322212209
-0.118803152084992,-0.45246955010323,0.883231285924385
-0.118737851546558,-0.45150692417997,0.883745249636561
-0.118672551008124,-0.450544298256711,0.884259213348738
-0.11860725046969,-0.449581672333451,0.884773177060914
-0.118541949931256,-0.448619046410192,0.88528714077309
-0.118476649392822,-0.447656420486933,0.885801104485266
-0.118411348854388,-0.446693794563673,0.886315068197443
-0.118346048315954,-0.445731168640414,0.886829031909619
-0.11828074777752,-0.444768542717154,0.887342995621795
-0.118215447239086,-0.443805916793895,0.887856959333971
-0.118150146700652,-0.442843290870635,0.888370923046148
-0.118084846162218,-0.441880664947376,0.888884886758324
-0.118019545623784,-0.440918039024116,0.8893988504705
-0.11795424508535,-0.439955413100857,0.889912814182677
-0.117888944546916,-0.438992787177598,0.890426777894853
-0.117823644008482,-0.438030161254338,0.890940741607029
-0.117758343470048,-0.437067535331079,0.891454705319205
-0.117693042931614,-0.436104909407819,0.891968669031382
-0.11762774239318,-0.43514228348456,0.892482632743558
-0.117562441854746,-0.434179657561301,0.892996596455734
-0.117497141316312,-0.433217031638041,0.89351056016791
-0.117431840777878,-0.432254405714782,0.894024523880087
-0.117366540239444,-0.431291779791522,0.894538487592263
-0.117339344898271,-0.430327255745113,0.894974926519201
-0.11731561366594,-0.429362559142055,0.89540431773839
-0.117291882433609,-0.428397862538996,0.895833708957579
-0.117268151201277,-0.427433165935937,0.896263100176769
-0.117244419968946,-0.426468469332878,0.896692491395958
-0.117220688736615,-0.42550377272982,0.897121882615147
-0.117196957504284,-0.424539076126761,0.897551273834336
-0.117173226271953,-0.423574379523702,0.897980665053525
-0.117149495039621,-0.422609682920643,0.898410056272714
-0.11712576380729,-0.421644986317584,0.898839447491904
-0.117102032574959,-0.420680289714526,0.899268838711093
-0.117078301342628,-0.419715593111467,0.899698229930282
-0.117054570110296,-0.418750896508408,0.900127621149471
-0.117030838877965,-0.417786199905349,0.90055701236866
-0.117007107645634,-0.41682150330229,0.900986403587849
-0.116983376413303,-0.415856806699232,0.901415794807038
-0.116959645180972,-0.414892110096173,0.901845186026228
-0.11693591394864,-0.413927413493114,0.902274577245417
-0.116912182716309,-0.412962716890055,0.902703968464606
-0.116888451483978,-0.411998020286996,0.903133359683795
-0.116864720251647,-0.411033323683937,0.903562750902984
-0.116840989019316,-0.410068627080879,0.903992142122173
-0.116817257786984,-0.40910393047782,0.904421533341363
-0.116793526554653,-0.408139233874761,0.904850924560552
-0.116769795322322,-0.407174537271702,0.905280315779741
-0.116746064089991,-0.406209840668644,0.90570970699893
-0.11672233285766,-0.405245144065585,0.906139098218119
-0.116698601625328,-0.404280447462526,0.906568489437309
-0.116674870392997,-0.403315750859467,0.906997880656498
-0.116651139160666,-0.402351054256408,0.907427271875687
-0.116627407928335,-0.40138635765335,0.907856663094876
-0.116603676696003,-0.400421661050291,0.908286054314065
-0.116579945463672,-0.399456964447232,0.908715445533254
-0.116556214231341,-0.398492267844173,0.909144836752443
-0.11653248299901,-0.397527571241114,0.909574227971632
-0.116508751766679,-0.396562874638056,0.910003619190822
-0.116485020534347,-0.395598178034997,0.910433010410011
-0.116461289302016,-0.394633481431938,0.9108624016292
-0.116437558069685,-0.393668784828879,0.911291792848389
-0.116413826837354,-0.392704088225821,0.911721184067578
-0.116390095605023,-0.391739391622762,0.912150575286768
-0.116366364372691,-0.390774695019703,0.912579966505957
-0.11634263314036,-0.389809998416644,0.913009357725146
-0.116318901908029,-0.388845301813585,0.913438748944335
-0.116295170675698,-0.387880605210526,0.913868140163524
-0.116271439443366,-0.386915908607468,0.914297531382713
-0.116247708211035,-0.385951212004409,0.914726922601903
-0.116223976978704,-0.38498651540135,0.915156313821092
-0.116200245746373,-0.384021818798291,0.915585705040281
-0.116176514514042,-0.383057122195233,0.91601509625947
-0.11615278328171,-0.382092425592174,0.916444487478659
-0.116129052049379,-0.381127728989115,0.916873878697848
-0.116105320817048,-0.380163032386056,0.917303269917037
-0.116081589584717,-0.379198335782997,0.917732661136227
-0.116057858352386,-0.378233639179938,0.918162052355416
-0.116034127120054,-0.37726894257688,0.918591443574605
-0.116010395887723,-0.376304245973821,0.919020834793794
-0.115986664655392,-0.375339549370762,0.919450226012983
-0.115962933423061,-0.374374852767703,0.919879617232172
-0.115939202190729,-0.373410156164645,0.920309008451362
-0.115915470958398,-0.372445459561586,0.920738399670551
-0.115891739726067,-0.371480762958527,0.92116779088974
-0.11590846304056,-0.370505873239217,0.921522802250863
-0.115925186355053,-0.369530983519907,0.921877813611987
-0.115941909669547,-0.368556093800598,0.92223282497311
-0.11595863298404,-0.367581204081288,0.922587836334234
-0.115975356298533,-0.366606314361978,0.922942847695357
-0.115992079613026,-0.365631424642668,0.92329785905648
-0.116008802927519,-0.364656534923359,0.923652870417604
-0.116025526242013,-0.363681645204049,0.924007881778727
-0.116042249556506,-0.362706755484739,0.924362893139851
-0.116058972870999,-0.361731865765429,0.924717904500974
-0.116075696185492,-0.36075697604612,0.925072915862097
-0.116092419499986,-0.35978208632681,0.925427927223221
-0.116109142814479,-0.3588071966075,0.925782938584344
-0.116125866128972,-0.357832306888191,0.926137949945468
-0.116142589443465,-0.356857417168881,0.926492961306591
-0.116159312757958,-0.355882527449571,0.926847972667714
-0.116176036072452,-0.354907637730261,0.927202984028838
-0.116192759386945,-0.353932748010952,0.927557995389961
-0.116209482701438,-0.352957858291642,0.927913006751085
-0.116226206015931,-0.351982968572332,0.928268018112208
-0.116242929330424,-0.351008078853022,0.928623029473332
-0.116259652644918,-0.350033189133712,0.928978040834455
-0.116276375959411,-0.349058299414403,0.929333052195578
-0.116293099273904,-0.348083409695093,0.929688063556702
-0.116309822588397,-0.347108519975783,0.930043074917825
-0.11632654590289,-0.346133630256473,0.930398086278949
-0.116343269217384,-0.345158740537164,0.930753097640072
-0.116359992531877,-0.344183850817854,0.931108109001196
-0.11637671584637,-0.343208961098544,0.931463120362319
-0.116393439160863,-0.342234071379234,0.931818131723442
-0.116410162475357,-0.341259181659925,0.932173143084566
-0.11642688578985,-0.340284291940615,0.932528154445689
-0.116443609104343,-0.339309402221305,0.932883165806813
-0.116460332418836,-0.338334512501995,0.933238177167936
-0.116477055733329,-0.337359622782686,0.93359318852906
-0.116493779047823,-0.336384733063376,0.933948199890183
-0.116510502362316,-0.335409843344066,0.934303211251306
-0.116527225676809,-0.334434953624757,0.93465822261243
-0.116543948991302,-0.333460063905447,0.935013233973553
-0.116560672305795,-0.332485174186137,0.935368245334677
-0.116577395620289,-0.331510284466827,0.9357232566958
-0.116594118934782,-0.330535394747517,0.936078268056923
-0.116610842249275,-0.329560505028208,0.936433279418047
-0.116627565563768,-0.328585615308898,0.93678829077917
-0.116644288878262,-0.327610725589588,0.937143302140294
-0.116661012192755,-0.326635835870278,0.937498313501417
-0.116677735507248,-0.325660946150969,0.93785332486254
-0.116694458821741,-0.324686056431659,0.938208336223664
-0.116711182136234,-0.323711166712349,0.938563347584787
-0.116727905450728,-0.322736276993039,0.938918358945911
-0.116744628765221,-0.32176138727373,0.939273370307034
-0.116761352079714,-0.32078649755442,0.939628381668157
-0.116778075394207,-0.31981160783511,0.939983393029281
-0.1167947987087,-0.318836718115801,0.940338404390404
-0.116811522023194,-0.317861828396491,0.940693415751528
-0.116828245337687,-0.316886938677181,0.941048427112651
-0.11684496865218,-0.315912048957871,0.941403438473775
-0.116861691966673,-0.314937159238562,0.941758449834898
-0.116878415281166,-0.313962269519252,0.942113461196021
-0.11689513859566,-0.312987379799942,0.942468472557145
-0.116911861910153,-0.312012490080632,0.942823483918268
-0.116932328063418,-0.311035808571897,0.943172708574888
-0.116993965443179,-0.310039417379477,0.943458279481967
-0.117055602822939,-0.309043026187058,0.943743850389047
-0.1171172402027,-0.308046634994638,0.944029421296126
-0.117178877582461,-0.307050243802218,0.944314992203205
-0.117240514962221,-0.306053852609799,0.944600563110285
-0.117302152341982,-0.30505746141738,0.944886134017364
-0.117363789721742,-0.30406107022496,0.945171704924444
-0.117425427101503,-0.30306467903254,0.945457275831523
-0.117487064481263,-0.302068287840121,0.945742846738602
-0.117548701861024,-0.301071896647701,0.946028417645681
-0.117610339240784,-0.300075505455282,0.946313988552761
-0.117671976620545,-0.299079114262862,0.94659955945984
-0.117733614000305,-0.298082723070443,0.946885130366919
-0.117795251380066,-0.297086331878023,0.947170701273999
-0.117856888759826,-0.296089940685604,0.947456272181078
-0.117918526139587,-0.295093549493184,0.947741843088158
-0.117980163519348,-0.294097158300764,0.948027413995237
-0.118041800899108,-0.293100767108345,0.948312984902316
-0.118103438278869,-0.292104375915925,0.948598555809396
-0.118165075658629,-0.291107984723506,0.948884126716475
-0.11822671303839,-0.290111593531086,0.949169697623554
-0.11828835041815,-0.289115202338667,0.949455268530634
-0.118349987797911,-0.288118811146247,0.949740839437713
-0.118411625177671,-0.287122419953828,0.950026410344792
-0.118473262557432,-0.286126028761408,0.950311981251872
-0.118534899937192,-0.285129637568989,0.950597552158951
-0.118596537316953,-0.284133246376569,0.95088312306603
-0.118658174696713,-0.28313685518415,0.95116869397311
-0.118719812076474,-0.28214046399173,0.951454264880189
-0.118781449456235,-0.28114407279931,0.951739835787269
-0.118843086835995,-0.280147681606891,0.952025406694348
-0.118904724215756,-0.279151290414471,0.952310977601427
-0.118966361595516,-0.278154899222052,0.952596548508507
-0.119027998975277,-0.277158508029632,0.952882119415586
-0.119089636355037,-0.276162116837213,0.953167690322665
-0.119151273734798,-0.275165725644793,0.953453261229745
-0.119212911114558,-0.274169334452374,0.953738832136824
-0.119274548494319,-0.273172943259954,0.954024403043903
-0.119336185874079,-0.272176552067535,0.954309973950983
-0.11939782325384,-0.271180160875115,0.954595544858062
-0.1194594606336,-0.270183769682696,0.954881115765141
-0.119521098013361,-0.269187378490276,0.955166686672221
-0.119582735393122,-0.268190987297857,0.9554522575793
-0.119644372772882,-0.267194596105437,0.95573782848638
-0.119706010152643,-0.266198204913017,0.956023399393459
-0.119767647532403,-0.265201813720598,0.956308970300538
-0.119829284912164,-0.264205422528178,0.956594541207618
-0.119890922291924,-0.263209031335759,0.956880112114697
-0.119952559671685,-0.262212640143339,0.957165683021776
-0.120014197051445,-0.26121624895092,0.957451253928856
-0.120075834431206,-0.2602198577585,0.957736824835935
-0.120137471810966,-0.259223466566081,0.958022395743014
-0.120199109190727,-0.258227075373661,0.958307966650094
-0.120260746570487,-0.257230684181242,0.958593537557173
-0.120322383950248,-0.256234292988822,0.958879108464252
-0.120384021330009,-0.255237901796403,0.959164679371332
-0.120445658709769,-0.254241510603983,0.959450250278411
-0.12050729608953,-0.253245119411564,0.95973582118549
-0.12056893346929,-0.252248728219144,0.96002139209257
-0.120630570849051,-0.251252337026724,0.960306962999649
-0.120692208228811,-0.250255945834305,0.960592533906728
-0.120763295632192,-0.249253528917141,0.960866663930875
-0.120881633153675,-0.248220983376253,0.961083589540356
-0.120999970675157,-0.247188437835365,0.961300515149836
-0.121118308196639,-0.246155892294477,0.961517440759317
-0.121236645718122,-0.245123346753589,0.961734366368798
-0.121354983239604,-0.244090801212701,0.961951291978279
-0.121473320761087,-0.243058255671813,0.96216821758776
-0.121591658282569,-0.242025710130925,0.96238514319724
-0.121709995804052,-0.240993164590037,0.962602068806721
-0.121828333325534,-0.239960619049149,0.962818994416202
-0.121946670847017,-0.238928073508261,0.963035920025683
-0.122065008368499,-0.237895527967374,0.963252845635164
-0.122183345889981,-0.236862982426485,0.963469771244644
-0.122301683411464,-0.235830436885598,0.963686696854125
-0.122420020932946,-0.23479789134471,0.963903622463606
-0.122538358454429,-0.233765345803822,0.964120548073087
-0.122656695975911,-0.232732800262934,0.964337473682568
-0.122775033497394,-0.231700254722046,0.964554399292049
-0.122893371018876,-0.230667709181158,0.964771324901529
-0.123011708540359,-0.22963516364027,0.96498825051101
-0.123130046061841,-0.228602618099382,0.965205176120491
-0.123248383583323,-0.227570072558494,0.965422101729972
-0.123366721104806,-0.226537527017606,0.965639027339453
-0.123485058626288,-0.225504981476718,0.965855952948933
-0.123603396147771,-0.22447243593583,0.966072878558414
-0.123721733669253,-0.223439890394942,0.966289804167895
-0.123840071190736,-0.222407344854054,0.966506729777376
-0.123958408712218,-0.221374799313167,0.966723655386857
-0.1240767462337,-0.220342253772279,0.966940580996337
-0.124195083755183,-0.219309708231391,0.967157506605818
-0.124313421276665,-0.218277162690503,0.967374432215299
-0.124431758798148,-0.217244617149615,0.96759135782478
-0.12455009631963,-0.216212071608727,0.967808283434261
-0.124668433841113,-0.215179526067839,0.968025209043742
-0.124786771362595,-0.214146980526951,0.968242134653222
-0.124905108884078,-0.213114434986063,0.968459060262703
-0.12502344640556,-0.212081889445175,0.968675985872184
-0.125141783927043,-0.211049343904287,0.968892911481665
-0.125260121448525,-0.210016798363399,0.969109837091146
-0.125378458970007,-0.208984252822511,0.969326762700626
-0.12549679649149,-0.207951707281623,0.969543688310107
-0.125615134012972,-0.206919161740736,0.969760613919588
-0.125733471534455,-0.205886616199848,0.969977539529069
-0.125851809055937,-0.20485407065896,0.97019446513855
-0.12597014657742,-0.203821525118072,0.970411390748031
-0.126088484098902,-0.202788979577184,0.970628316357511
-0.126206821620384,-0.201756434036296,0.970845241966992
-0.126325159141867,-0.200723888495408,0.971062167576473
-0.126443496663349,-0.19969134295452,0.971279093185954
-0.126561834184832,-0.198658797413632,0.971496018795435
-0.126680171706314,-0.197626251872744,0.971712944404916
-0.126798509227797,-0.196593706331856,0.971929870014396
-0.126916846749279,-0.195561160790968,0.972146795623877
-0.127035184270762,-0.19452861525008,0.972363721233358
-0.127153521792244,-0.193496069709193,0.972580646842839
-0.127271859313726,-0.192463524168304,0.97279757245232
-0.127390196835209,-0.191430978627417,0.9730144980618
-0.127508534356691,-0.190398433086529,0.973231423671281
-0.127626871878174,-0.189365887545641,0.973448349280762
-0.127745209399656,-0.188333342004753,0.973665274890243
-0.127863546921139,-0.187300796463865,0.973882200499724
-0.127981884442621,-0.186268250922977,0.974099126109204
-0.128119692647602,-0.185221490606886,0.974297337384436
-0.128315912903078,-0.184132085965187,0.97443940565692
-0.128512133158553,-0.183042681323487,0.974581473929404
-0.128708353414029,-0.181953276681788,0.974723542201888
-0.128904573669505,-0.180863872040088,0.974865610474372
-0.12910079392498,-0.179774467398389,0.975007678746857
-0.129297014180456,-0.178685062756689,0.975149747019341
-0.129493234435932,-0.17759565811499,0.975291815291825
-0.129689454691407,-0.17650625347329,0.975433883564309
-0.129885674946883,-0.175416848831591,0.975575951836793
-0.130081895202359,-0.174327444189891,0.975718020109277
-0.130278115457834,-0.173238039548192,0.975860088381761
-0.13047433571331,-0.172148634906492,0.976002156654245
-0.130670555968786,-0.171059230264793,0.976144224926729
-0.130866776224261,-0.169969825623093,0.976286293199213
-0.131062996479737,-0.168880420981394,0.976428361471698
-0.131259216735213,-0.167791016339694,0.976570429744182
-0.131455436990688,-0.166701611697995,0.976712498016666
-0.131651657246164,-0.165612207056295,0.97685456628915
-0.13184787750164,-0.164522802414596,0.976996634561634
-0.132044097757115,-0.163433397772896,0.977138702834118
-0.132240318012591,-0.162343993131197,0.977280771106602
-0.132436538268067,-0.161254588489497,0.977422839379086
-0.132632758523542,-0.160165183847798,0.97756490765157
-0.132828978779018,-0.159075779206098,0.977706975924054
-0.133025199034494,-0.157986374564399,0.977849044196538
-0.133221419289969,-0.156896969922699,0.977991112469022
-0.133417639545445,-0.155807565281,0.978133180741507
-0.133613859800921,-0.1547181606393,0.978275249013991
-0.133810080056396,-0.153628755997601,0.978417317286475
-0.134006300311872,-0.152539351355901,0.978559385558959
-0.134202520567348,-0.151449946714202,0.978701453831443
-0.134398740822823,-0.150360542072502,0.978843522103927
-0.134594961078299,-0.149271137430803,0.978985590376411
-0.134791181333775,-0.148181732789103,0.979127658648895
-0.13498740158925,-0.147092328147404,0.979269726921379
-0.135183621844726,-0.146002923505704,0.979411795193863
-0.135379842100202,-0.144913518864005,0.979553863466348
-0.135576062355677,-0.143824114222305,0.979695931738832
-0.135772282611153,-0.142734709580606,0.979838000011316
-0.135968502866629,-0.141645304938906,0.9799800682838
-0.136164723122104,-0.140555900297207,0.980122136556284
-0.13636094337758,-0.139466495655507,0.980264204828768
-0.136557163633056,-0.138377091013808,0.980406273101252
-0.136753383888531,-0.137287686372108,0.980548341373736
-0.136949604144007,-0.136198281730409,0.98069040964622
-0.137145824399483,-0.135108877088709,0.980832477918704
-0.137342044654958,-0.13401947244701,0.980974546191188
-0.137538264910434,-0.13293006780531,0.981116614463673
-0.13773448516591,-0.131840663163611,0.981258682736157
-0.137930705421385,-0.130751258521911,0.981400751008641
-0.138126925676861,-0.129661853880212,0.981542819281125
-0.138323145932337,-0.128572449238512,0.981684887553609
-0.138519366187812,-0.127483044596813,0.981826955826093
-0.138715586443288,-0.126393639955113,0.981969024098577
-0.138911806698764,-0.125304235313414,0.982111092371061
-0.139108026954239,-0.124214830671715,0.982253160643545
-0.139304247209715,-0.123125426030015,0.982395228916029
-0.139500467465191,-0.122036021388315,0.982537297188514
-0.139696687720666,-0.120946616746616,0.982679365460998
-0.139892907976142,-0.119857212104916,0.982821433733482
-0.140089128231618,-0.118767807463217,0.982963502005966
-0.140324104100988,-0.117649415731029,0.983074831288724
-0.140636591198146,-0.116473049817866,0.98312468259203
-0.140949078295305,-0.115296683904701,0.983174533895336
-0.141261565392464,-0.114120317991538,0.983224385198642
-0.141574052489622,-0.112943952078374,0.983274236501948
-0.141886539586781,-0.11176758616521,0.983324087805254
-0.14219902668394,-0.110591220252046,0.98337393910856
-0.142511513781099,-0.109414854338882,0.983423790411866
-0.142824000878257,-0.108238488425718,0.983473641715172
-0.143136487975416,-0.107062122512554,0.983523493018478
-0.143448975072575,-0.10588575659939,0.983573344321784
-0.143761462169734,-0.104709390686226,0.98362319562509
-0.144073949266892,-0.103533024773062,0.983673046928396
-0.144386436364051,-0.102356658859898,0.983722898231701
-0.14469892346121,-0.101180292946734,0.983772749535007
-0.145011410558368,-0.10000392703357,0.983822600838313
-0.145323897655527,-0.0988275611204064,0.983872452141619
-0.145636384752686,-0.0976511952072426,0.983922303444925
-0.145948871849845,-0.0964748292940785,0.983972154748231
-0.146261358947003,-0.0952984633809146,0.984022006051537
-0.146573846044162,-0.0941220974677507,0.984071857354843
-0.146886333141321,-0.0929457315545869,0.984121708658149
-0.14719882023848,-0.0917693656414228,0.984171559961455
-0.147511307335638,-0.0905929997282589,0.984221411264761
-0.147823794432797,-0.0894166338150951,0.984271262568067
-0.148136281529956,-0.088240267901931,0.984321113871373
-0.148448768627114,-0.0870639019887671,0.984370965174679
-0.148761255724273,-0.0858875360756033,0.984420816477985
-0.149073742821432,-0.0847111701624391,0.984470667781291
-0.149386229918591,-0.0835348042492753,0.984520519084597
-0.149698717015749,-0.0823584383361114,0.984570370387903
-0.150011204112908,-0.0811820724229476,0.984620221691209
-0.150323691210067,-0.0800057065097835,0.984670072994515
-0.150636178307225,-0.0788293405966196,0.984719924297821
-0.150948665404384,-0.0776529746834558,0.984769775601126
-0.151261152501543,-0.0764766087702916,0.984819626904433
-0.151573639598702,-0.0753002428571278,0.984869478207738
-0.15188612669586,-0.0741238769439639,0.984919329511044
-0.152198613793019,-0.0729475110307998,0.98496918081435
-0.152511100890178,-0.071771145117636,0.985019032117656
-0.152823587987337,-0.0705947792044721,0.985068883420962
-0.153136075084495,-0.0694184132913083,0.985118734724268
-0.153448562181654,-0.0682420473781441,0.985168586027574
-0.153761049278813,-0.0670656814649803,0.98521843733088
-0.154073536375971,-0.0658893155518164,0.985268288634186
-0.15438602347313,-0.0647129496386523,0.985318139937492
-0.154698510570289,-0.0635365837254885,0.985367991240798
-0.155010997667448,-0.0623602178123246,0.985417842544104
-0.155323484764606,-0.0611838518991605,0.98546769384741
-0.155635971861765,-0.0600074859859967,0.985517545150716
-0.155948458958924,-0.0588311200728328,0.985567396454022
-0.156260946056082,-0.0576547541596689,0.985617247757328
-0.156573433153241,-0.0564783882465048,0.985667099060634
-0.1568859202504,-0.055302022333341,0.98571695036394
-0.157198407347559,-0.0541256564201771,0.985766801667246
-0.157510894444717,-0.052949290507013,0.985816652970552
-0.157823381541876,-0.0517729245938491,0.985866504273858
-0.158135868639035,-0.0505965586806853,0.985916355577164
-0.158448355736194,-0.0494201927675212,0.98596620688047
-0.158760842833352,-0.0482438268543573,0.986016058183776
-0.159073329930511,-0.0470674609411935,0.986065909487082
-0.15938581702767,-0.0458910950280296,0.986115760790388
-0.159775749049469,-0.0446587192498819,0.986110464961821
-0.160274103965766,-0.0433479296607574,0.986027963148633
-0.160772458882062,-0.0420371400716328,0.985945461335446
-0.161270813798359,-0.040726350482508,0.985862959522258
-0.161769168714656,-0.0394155608933835,0.98578045770907
-0.162267523630952,-0.038104771304259,0.985697955895882
-0.162765878547249,-0.0367939817151345,0.985615454082695
-0.163264233463546,-0.0354831921260097,0.985532952269507
-0.163762588379842,-0.0341724025368851,0.985450450456319
-0.164260943296139,-0.0328616129477606,0.985367948643131
-0.164759298212435,-0.0315508233586358,0.985285446829944
-0.165257653128732,-0.0302400337695113,0.985202945016756
-0.165756008045029,-0.0289292441803868,0.985120443203568
-0.166254362961325,-0.027618454591262,0.98503794139038
-0.166752717877622,-0.0263076650021374,0.984955439577193
-0.167251072793918,-0.0249968754130129,0.984872937764005
-0.167749427710215,-0.0236860858238884,0.984790435950817
-0.168247782626512,-0.0223752962347636,0.984707934137629
-0.168746137542808,-0.0210645066456391,0.984625432324442
-0.169244492459105,-0.0197537170565146,0.984542930511254
-0.169742847375402,-0.0184429274673897,0.984460428698066
-0.170241202291698,-0.0171321378782652,0.984377926884878
-0.170739557207995,-0.0158213482891407,0.984295425071691
-0.171237912124291,-0.0145105587000159,0.984212923258503
-0.171736267040588,-0.0131997691108914,0.984130421445315
-0.172234621956885,-0.0118889795217669,0.984047919632128
-0.172732976873181,-0.0105781899326423,0.98396541781894
-0.173231331789478,-0.00926740034351752,0.983882916005752
-0.173729686705774,-0.007956610754393,0.983800414192564
-0.174228041622071,-0.00664582116526848,0.983717912379377
-0.174726396538368,-0.00533503157614368,0.983635410566189
-0.175224751454664,-0.00402424198701916,0.983552908753001
-0.175723106370961,-0.00271345239789464,0.983470406939813
-0.176221461287258,-0.00140266280876983,0.983387905126626
-0.176719816203554,-9.18732196453081E-05,0.983305403313438
-0.177218171119851,0.00121891636947921,0.98322290150025
-0.177716526036147,0.00252970595860373,0.983140399687062
-0.178214880952444,0.00384049554772854,0.983057897873875
-0.178713235868741,0.00515128513685306,0.982975396060687
-0.179211590785037,0.00646207472597758,0.982892894247499
-0.179709945701334,0.00777286431510239,0.982810392434311
-0.18020830061763,0.00908365390422691,0.982727890621124
-0.180706655533927,0.0103944434933514,0.982645388807936
-0.181205010450224,0.0117052330824762,0.982562886994748
-0.18170336536652,0.0130160226716008,0.982480385181561
-0.182201720282817,0.0143268122607253,0.982397883368373
-0.182700075199113,0.0156376018498498,0.982315381555185
-0.18319843011541,0.0169483914389746,0.982232879741997
-0.183696785031707,0.0182591810280991,0.98215037792881
-0.184195139948003,0.0195699706172236,0.982067876115622
-0.1846934948643,0.0208807602063485,0.981985374302434
-0.185191849780597,0.022191549795473,0.981902872489246
-0.185690204696893,0.0235023393845975,0.981820370676059
-0.18618855961319,0.0248131289737223,0.981737868862871
-0.186686914529486,0.0261239185628468,0.981655367049683
-0.187185269445783,0.0274347081519713,0.981572865236495
-0.18768362436208,0.0287454977410959,0.981490363423308
-0.188181979278376,0.0300562873302207,0.98140786161012
-0.188680334194673,0.0313670769193452,0.981325359796932
-0.189178689110969,0.0326778665084697,0.981242857983744
-0.189677044027266,0.0339886560975945,0.981160356170557
-0.190175398943563,0.035299445686719,0.981077854357369
-0.19058161631006,0.0367960234048549,0.980483380092426
-0.190895696126757,0.0384783892520025,0.979376933375727
-0.191209775943455,0.0401607550991497,0.978270486659028
-0.191523855760153,0.0418431209462969,0.977164039942329
-0.19183793557685,0.0435254867934442,0.976057593225631
-0.192152015393548,0.0452078526405918,0.974951146508931
-0.192466095210245,0.046890218487739,0.973844699792233
-0.192780175026943,0.0485725843348862,0.972738253075534
-0.19309425484364,0.0502549501820338,0.971631806358835
-0.193408334660338,0.051937316029181,0.970525359642136
-0.193722414477036,0.0536196818763283,0.969418912925438
-0.194036494293733,0.0553020477234758,0.968312466208739
-0.194350574110431,0.0569844135706231,0.96720601949204
-0.194664653927128,0.0586667794177703,0.966099572775341
-0.194978733743826,0.0603491452649175,0.964993126058643
-0.195292813560524,0.0620315111120651,0.963886679341944
-0.195606893377221,0.0637138769592123,0.962780232625245
-0.195920973193919,0.0653962428063595,0.961673785908546
-0.196235053010616,0.0670786086535071,0.960567339191847
-0.196549132827314,0.0687609745006544,0.959460892475148
-0.196863212644011,0.0704433403478016,0.95835444575845
-0.197177292460709,0.0721257061949488,0.957247999041751
-0.197491372277407,0.0738080720420964,0.956141552325052
-0.197805452094104,0.0754904378892436,0.955035105608353
-0.198119531910802,0.0771728037363909,0.953928658891655
-0.198433611727499,0.0788551695835384,0.952822212174956
-0.198747691544197,0.0805375354306857,0.951715765458257
-0.199061771360895,0.0822199012778329,0.950609318741558
-0.199375851177592,0.0839022671249805,0.949502872024859
-0.19968993099429,0.0855846329721277,0.94839642530816
-0.200004010810987,0.0872669988192749,0.947289978591462
-0.200318090627685,0.0889493646664221,0.946183531874763
-0.200632170444382,0.0906317305135697,0.945077085158064
-0.20094625026108,0.0923140963607169,0.943970638441365
-0.201260330077778,0.0939964622078642,0.942864191724667
-0.201574409894475,0.0956788280550118,0.941757745007968
-0.201888489711173,0.097361193902159,0.940651298291269
-0.20220256952787,0.0990435597493062,0.93954485157457
-0.202516649344568,0.100725925596454,0.938438404857871
-0.202830729161266,0.102408291443601,0.937331958141172
-0.203144808977963,0.104090657290748,0.936225511424474
-0.203458888794661,0.105773023137895,0.935119064707775
-0.203772968611358,0.107455388985043,0.934012617991076
-0.204087048428056,0.10913775483219,0.932906171274377
-0.204401128244753,0.110820120679337,0.931799724557679
-0.204715208061451,0.112502486526485,0.93069327784098
-0.205029287878149,0.114184852373632,0.929586831124281
-0.205343367694846,0.11586721822078,0.928480384407582
-0.205657447511544,0.117549584067927,0.927373937690883
-0.205971527328241,0.119231949915074,0.926267490974185
-0.206285607144939,0.120914315762222,0.925161044257486
-0.206599686961636,0.122596681609369,0.924054597540787
-0.206913766778334,0.124279047456516,0.922948150824088
-0.207227846595032,0.125961413303664,0.92184170410739
-0.207541926411729,0.127643779150811,0.920735257390691
-0.207856006228427,0.129326144997958,0.919628810673992
-0.208170086045124,0.131008510845106,0.918522363957293
-0.208484165861822,0.132690876692253,0.917415917240594
-0.20879824567852,0.1343732425394,0.916309470523895
-0.209112325495217,0.136055608386548,0.915203023807197
-0.209426405311915,0.137737974233695,0.914096577090498
-0.209740485128612,0.139420340080842,0.912990130373799
-0.210063298188983,0.141148787869259,0.911739770448384
-0.210392349280548,0.14291015133001,0.910386615373886
-0.210721400372113,0.144671514790761,0.909033460299388
-0.211050451463678,0.146432878251513,0.907680305224889
-0.211379502555243,0.148194241712264,0.906327150150391
-0.211708553646808,0.149955605173015,0.904973995075893
-0.212037604738373,0.151716968633766,0.903620840001395
-0.212366655829938,0.153478332094518,0.902267684926896
-0.212695706921503,0.155239695555269,0.900914529852398
-0.213024758013068,0.15700105901602,0.8995613747779
-0.213353809104634,0.158762422476771,0.898208219703402
-0.213682860196199,0.160523785937523,0.896855064628904
-0.214011911287764,0.162285149398274,0.895501909554405
-0.214340962379329,0.164046512859025,0.894148754479907
-0.214670013470894,0.165807876319776,0.892795599405409
-0.214999064562459,0.167569239780528,0.891442444330911
-0.215328115654024,0.169330603241279,0.890089289256412
-0.215657166745589,0.17109196670203,0.888736134181914
-0.215986217837154,0.172853330162781,0.887382979107416
-0.216315268928719,0.174614693623533,0.886029824032918
-0.216644320020285,0.176376057084284,0.88467666895842
-0.21697337111185,0.178137420545035,0.883323513883922
-0.217302422203415,0.179898784005786,0.881970358809424
-0.21763147329498,0.181660147466538,0.880617203734925
-0.217960524386545,0.183421510927289,0.879264048660427
-0.21828957547811,0.18518287438804,0.877910893585929
-0.218618626569675,0.186944237848792,0.87655773851143
-0.21894767766124,0.188705601309543,0.875204583436932
-0.219276728752805,0.190466964770294,0.873851428362434
-0.21960577984437,0.192228328231045,0.872498273287936
-0.219934830935936,0.193989691691797,0.871145118213438
-0.220263882027501,0.195751055152548,0.86979196313894
-0.220592933119066,0.197512418613299,0.868438808064441
-0.220921984210631,0.199273782074051,0.867085652989943
-0.221251035302196,0.201035145534802,0.865732497915445
-0.221580086393761,0.202796508995553,0.864379342840947
-0.221909137485326,0.204557872456305,0.863026187766448
-0.222238188576891,0.206319235917056,0.86167303269195
-0.222567239668456,0.208080599377807,0.860319877617452
-0.222896290760021,0.209841962838558,0.858966722542954
-0.223225341851587,0.21160332629931,0.857613567468456
-0.223554392943152,0.213364689760061,0.856260412393958
-0.223883444034717,0.215126053220812,0.854907257319459
-0.224212495126282,0.216887416681563,0.853554102244961
-0.224541546217847,0.218648780142315,0.852200947170463
-0.224870597309412,0.220410143603066,0.850847792095965
-0.225199648400977,0.222171507063817,0.849494637021467
-0.225528699492542,0.223932870524568,0.848141481946968
-0.225857750584107,0.22569423398532,0.84678832687247
-0.226186801675672,0.227455597446071,0.845435171797972
-0.226515852767238,0.229216960906822,0.844082016723474
-0.226844903858803,0.230978324367573,0.842728861648975
-0.227173954950368,0.232739687828325,0.841375706574477
-0.227503006041933,0.234501051289076,0.840022551499979
-0.227832057133498,0.236262414749827,0.838669396425481
-0.228161108225063,0.238023778210579,0.837316241350983
-0.228490159316628,0.23978514167133,0.835963086276485
-0.228819210408193,0.241546505132081,0.834609931201986
-0.229148261499758,0.243307868592832,0.833256776127488
-0.229477312591323,0.245069232053584,0.83190362105299
-0.229806363682889,0.246830595514335,0.830550465978491
-0.230135414774454,0.248591958975086,0.829197310903993
-0.230467014345635,0.250388255570971,0.827702087236125
-0.230799888156626,0.252202018734424,0.826135829271571
-0.231132761967616,0.254015781897876,0.824569571307017
-0.231465635778606,0.255829545061329,0.823003313342463
-0.231798509589596,0.257643308224781,0.821437055377909
-0.232131383400586,0.259457071388233,0.819870797413355
-0.232464257211577,0.261270834551686,0.818304539448801
-0.232797131022567,0.263084597715138,0.816738281484247
-0.233130004833557,0.26489836087859,0.815172023519693
-0.233462878644547,0.266712124042042,0.81360576555514
-0.233795752455537,0.268525887205495,0.812039507590585
-0.234128626266527,0.270339650368948,0.810473249626031
-0.234461500077518,0.2721534135324,0.808906991661477
-0.234794373888508,0.273967176695852,0.807340733696924
-0.235127247699498,0.275780939859304,0.80577447573237
-0.235460121510488,0.277594703022756,0.804208217767816
-0.235792995321478,0.27940846618621,0.802641959803261
-0.236125869132469,0.281222229349662,0.801075701838708
-0.236458742943459,0.283035992513114,0.799509443874154
-0.236791616754449,0.284849755676566,0.7979431859096
-0.237124490565439,0.286663518840018,0.796376927945046
-0.237457364376429,0.288477282003471,0.794810669980492
-0.237790238187419,0.290291045166923,0.793244412015938
-0.23812311199841,0.292104808330376,0.791678154051384
-0.2384559858094,0.293918571493828,0.79011189608683
-0.23878885962039,0.29573233465728,0.788545638122276
-0.23912173343138,0.297546097820733,0.786979380157722
-0.23945460724237,0.299359860984185,0.785413122193168
-0.23978748105336,0.301173624147637,0.783846864228615
-0.240120354864351,0.302987387311089,0.782280606264061
-0.240453228675341,0.304801150474542,0.780714348299506
-0.240786102486331,0.306614913637995,0.779148090334952
-0.241118976297321,0.308428676801447,0.777581832370399
-0.241451850108311,0.310242439964899,0.776015574405845
-0.241784723919302,0.312056203128351,0.774449316441291
-0.242117597730292,0.313869966291803,0.772883058476737
-0.242450471541282,0.315683729455257,0.771316800512183
-0.242783345352272,0.317497492618709,0.769750542547629
-0.243116219163262,0.319311255782161,0.768184284583075
-0.243449092974252,0.321125018945613,0.766618026618521
-0.243781966785243,0.322938782109065,0.765051768653967
-0.244114840596233,0.324752545272518,0.763485510689413
-0.244447714407223,0.32656630843597,0.76191925272486
-0.244780588218213,0.328380071599423,0.760352994760305
-0.245113462029203,0.330193834762875,0.758786736795751
-0.245446335840194,0.332007597926327,0.757220478831197
-0.245779209651184,0.33382136108978,0.755654220866644
-0.246112083462174,0.335635124253232,0.75408796290209
-0.246444957273164,0.337448887416684,0.752521704937536
-0.246777831084154,0.339262650580136,0.750955446972982
-0.247110704895145,0.341076413743589,0.749389189008428
-0.247443578706135,0.342890176907042,0.747822931043874
-0.247776452517125,0.344703940070494,0.74625667307932
-0.248109326328115,0.346517703233946,0.744690415114766
-0.248442200139105,0.348331466397398,0.743124157150212
-0.248775073950095,0.350145229560851,0.741557899185658
-0.249107947761086,0.351958992724304,0.739991641221104
-0.249440821572076,0.353772755887756,0.73842538325655
-0.249773695383066,0.355586519051208,0.736859125291996
-0.250106569194056,0.35740028221466,0.735292867327442
-0.250439443005046,0.359214045378113,0.733726609362889
-0.250772316816036,0.361027808541565,0.732160351398335
-0.251098978768127,0.362860087069656,0.730461262357027
-0.251423570100585,0.364698537385961,0.728717896290133
-0.251748161433042,0.366536987702266,0.72697453022324
-0.252072752765499,0.36837543801857,0.725231164156348
-0.252397344097957,0.370213888334875,0.723487798089455
-0.252721935430414,0.372052338651179,0.721744432022562
-0.253046526762872,0.373890788967484,0.720001065955669
-0.253371118095329,0.375729239283789,0.718257699888776
-0.253695709427786,0.377567689600094,0.716514333821883
-0.254020300760244,0.379406139916398,0.71477096775499
-0.254344892092701,0.381244590232703,0.713027601688097
-0.254669483425159,0.383083040549007,0.711284235621205
-0.254994074757616,0.384921490865312,0.709540869554312
-0.255318666090073,0.386759941181616,0.707797503487419
-0.255643257422531,0.388598391497921,0.706054137420526
-0.255967848754988,0.390436841814226,0.704310771353633
-0.256292440087446,0.392275292130531,0.70256740528674
-0.256617031419903,0.394113742446835,0.700824039219847
-0.256941622752361,0.39595219276314,0.699080673152954
-0.257266214084818,0.397790643079444,0.697337307086062
-0.257590805417275,0.399629093395749,0.695593941019169
-0.257915396749733,0.401467543712054,0.693850574952275
-0.25823998808219,0.403305994028359,0.692107208885382
-0.258564579414648,0.405144444344663,0.69036384281849
-0.258889170747105,0.406982894660968,0.688620476751597
-0.259213762079562,0.408821344977272,0.686877110684704
-0.25953835341202,0.410659795293577,0.685133744617811
-0.259862944744477,0.412498245609881,0.683390378550919
-0.260187536076935,0.414336695926187,0.681647012484025
-0.260512127409392,0.416175146242491,0.679903646417132
-0.26083671874185,0.418013596558796,0.678160280350239
-0.261161310074307,0.4198520468751,0.676416914283347
-0.261485901406764,0.421690497191405,0.674673548216454
-0.261810492739222,0.423528947507709,0.672930182149561
-0.262135084071679,0.425367397824014,0.671186816082668
-0.262459675404137,0.427205848140319,0.669443450015775
-0.262784266736594,0.429044298456623,0.667700083948882
-0.263108858069051,0.430882748772928,0.665956717881989
-0.263433449401509,0.432721199089233,0.664213351815096
-0.263758040733966,0.434559649405537,0.662469985748204
-0.264082632066424,0.436398099721842,0.660726619681311
-0.264407223398881,0.438236550038147,0.658983253614417
-0.264731814731339,0.440075000354451,0.657239887547525
-0.265056406063796,0.441913450670756,0.655496521480632
-0.265380997396253,0.443751900987061,0.653753155413739
-0.265705588728711,0.445590351303365,0.652009789346846
-0.266030180061168,0.447428801619669,0.650266423279953
-0.266354771393626,0.449267251935974,0.648523057213061
-0.266679362726083,0.451105702252279,0.646779691146167
-0.26700395405854,0.452944152568584,0.645036325079274
-0.267328545390998,0.454782602884888,0.643292959012382
-0.267653136723455,0.456621053201193,0.641549592945489
-0.267977728055913,0.458459503517497,0.639806226878596
-0.26830231938837,0.460297953833802,0.638062860811703
-0.268626910720827,0.462136404150106,0.63631949474481
-0.268951502053285,0.463974854466412,0.634576128677917
-0.269276093385742,0.465813304782716,0.632832762611024
-0.2696006847182,0.467651755099021,0.631089396544131
-0.269925276050657,0.469490205415325,0.629346030477239
-0.270249867383115,0.47132865573163,0.627602664410346
-0.270574458715572,0.473167106047934,0.625859298343453
-0.270899050048029,0.47500555636424,0.624115932276559
-0.271205723887337,0.476840024480589,0.622257360779902
-0.271508814228014,0.478673696156947,0.620375748197291
-0.271811904568691,0.480507367833306,0.61849413561468
-0.272114994909368,0.482341039509664,0.616612523032069
-0.272418085250046,0.484174711186023,0.614730910449458
-0.272721175590723,0.486008382862381,0.612849297866847
-0.2730242659314,0.48784205453874,0.610967685284235
-0.273327356272077,0.489675726215098,0.609086072701624
-0.273630446612754,0.491509397891457,0.607204460119013
-0.273933536953432,0.493343069567815,0.605322847536403
-0.274236627294109,0.495176741244174,0.603441234953792
-0.274539717634786,0.497010412920532,0.601559622371181
-0.274842807975463,0.49884408459689,0.59967800978857
-0.275145898316141,0.50067775627325,0.597796397205958
-0.275448988656818,0.502511427949608,0.595914784623347
-0.275752078997495,0.504345099625966,0.594033172040736
-0.276055169338172,0.506178771302325,0.592151559458125
-0.276358259678849,0.508012442978683,0.590269946875514
-0.276661350019527,0.509846114655042,0.588388334292903
-0.276964440360204,0.511679786331401,0.586506721710292
-0.277267530700881,0.513513458007759,0.584625109127681
-0.277570621041558,0.515347129684117,0.58274349654507
-0.277873711382236,0.517180801360476,0.580861883962459
-0.278176801722913,0.519014473036834,0.578980271379848
-0.27847989206359,0.520848144713193,0.577098658797237
-0.278782982404267,0.522681816389551,0.575217046214626
-0.279086072744944,0.52451548806591,0.573335433632015
-0.279389163085622,0.526349159742269,0.571453821049404
-0.279692253426299,0.528182831418627,0.569572208466793
-0.279995343766976,0.530016503094985,0.567690595884182
-0.280298434107653,0.531850174771344,0.565808983301571
-0.280601524448331,0.533683846447702,0.56392737071896
-0.280904614789008,0.53551751812406,0.562045758136349
-0.281207705129685,0.53735118980042,0.560164145553737
-0.281510795470362,0.539184861476778,0.558282532971127
-0.281813885811039,0.541018533153136,0.556400920388516
-0.282116976151717,0.542852204829495,0.554519307805905
-0.282420066492394,0.544685876505853,0.552637695223294
-0.282723156833071,0.546519548182211,0.550756082640683
-0.283026247173748,0.54835321985857,0.548874470058072
-0.283329337514426,0.550186891534929,0.54699285747546
-0.283632427855103,0.552020563211287,0.545111244892849
-0.28393551819578,0.553854234887646,0.543229632310238
-0.284238608536457,0.555687906564004,0.541348019727627
-0.284541698877134,0.557521578240362,0.539466407145017
-0.284844789217812,0.559355249916721,0.537584794562406
-0.285147879558489,0.56118892159308,0.535703181979794
-0.285450969899166,0.563022593269438,0.533821569397183
-0.285754060239843,0.564856264945797,0.531939956814572
-0.286057150580521,0.566689936622155,0.530058344231961
-0.286360240921198,0.568523608298514,0.52817673164935
-0.286663331261875,0.570357279974872,0.526295119066739
-0.286966421602552,0.57219095165123,0.524413506484129
-0.287269511943229,0.574024623327589,0.522531893901517
-0.287572602283907,0.575858295003948,0.520650281318906
-0.287875692624584,0.577691966680306,0.518768668736295
-0.288178782965261,0.579525638356665,0.516887056153684
-0.288481873305938,0.581359310033023,0.515005443571073
-0.288784963646616,0.583192981709381,0.513123830988462
-0.289088053987293,0.58502665338574,0.511242218405851
-0.28939114432797,0.586860325062099,0.50936060582324
-0.289694234668647,0.588693996738457,0.507478993240629
-0.289965935382356,0.590495987583458,0.505508760985584
-0.290234782493612,0.592295098352882,0.503530472396682
-0.290503629604869,0.594094209122305,0.501552183807779
-0.290772476716125,0.595893319891728,0.499573895218877
-0.291041323827382,0.597692430661152,0.497595606629974
-0.291310170938638,0.599491541430575,0.495617318041071
-0.291579018049895,0.601290652199998,0.493639029452169
-0.291847865161151,0.603089762969422,0.491660740863266
-0.292116712272408,0.604888873738845,0.489682452274364
-0.292385559383665,0.606687984508268,0.487704163685462
-0.292654406494921,0.608487095277691,0.485725875096559
-0.292923253606178,0.610286206047115,0.483747586507656
-0.293192100717434,0.612085316816538,0.481769297918754
-0.293460947828691,0.613884427585962,0.479791009329851
-0.293729794939947,0.615683538355385,0.477812720740949
-0.293998642051204,0.617482649124808,0.475834432152046
-0.29426748916246,0.619281759894231,0.473856143563144
-0.294536336273717,0.621080870663654,0.471877854974242
-0.294805183384974,0.622879981433078,0.469899566385339
-0.29507403049623,0.624679092202501,0.467921277796436
-0.295342877607487,0.626478202971925,0.465942989207534
-0.295611724718743,0.628277313741348,0.463964700618631
-0.29588057183,0.630076424510771,0.461986412029729
-0.296149418941256,0.631875535280194,0.460008123440827
-0.296418266052513,0.633674646049618,0.458029834851923
-0.29668711316377,0.635473756819041,0.456051546263021
-0.296955960275026,0.637272867588464,0.454073257674119
-0.297224807386283,0.639071978357888,0.452094969085216
-0.297493654497539,0.640871089127311,0.450116680496314
-0.297762501608796,0.642670199896734,0.448138391907411
-0.298031348720052,0.644469310666157,0.446160103318509
-0.298300195831309,0.646268421435581,0.444181814729606
-0.298569042942566,0.648067532205004,0.442203526140703
-0.298837890053822,0.649866642974428,0.440225237551801
-0.299106737165079,0.651665753743851,0.438246948962899
-0.299375584276335,0.653464864513274,0.436268660373996
-0.299644431387592,0.655263975282697,0.434290371785094
-0.299913278498848,0.65706308605212,0.432312083196192
-0.300182125610105,0.658862196821544,0.430333794607288
-0.300450972721362,0.660661307590968,0.428355506018386
-0.300719819832618,0.662460418360391,0.426377217429484
-0.300988666943875,0.664259529129814,0.424398928840581
-0.301257514055131,0.666058639899237,0.422420640251679
-0.301526361166388,0.66785775066866,0.420442351662776
-0.301795208277644,0.669656861438084,0.418464063073873
-0.302064055388901,0.671455972207507,0.416485774484971
-0.302332902500158,0.673255082976931,0.414507485896068
-0.302601749611414,0.675054193746354,0.412529197307166
-0.302870596722671,0.676853304515777,0.410550908718264
-0.303139443833927,0.6786524152852,0.408572620129361
-0.303408290945184,0.680451526054623,0.406594331540459
-0.30367713805644,0.682250636824047,0.404616042951556
-0.303945985167697,0.684049747593471,0.402637754362653
-0.304214832278954,0.685848858362894,0.400659465773751
-0.30448367939021,0.687647969132317,0.398681177184848
-0.304752526501467,0.68944707990174,0.396702888595946
-0.305021373612723,0.691246190671163,0.394724600007044
-0.30529022072398,0.693045301440587,0.392746311418141
-0.305559067835236,0.69484441221001,0.390768022829238
-0.305827914946493,0.696643522979434,0.388789734240336
-0.306096762057749,0.698442633748857,0.386811445651433
-0.306365609169006,0.70024174451828,0.384833157062531
-0.306586834976843,0.701975235627766,0.382801194450898
-0.30680806078468,0.703708726737252,0.380769231839264
-0.307029286592517,0.705442217846738,0.378737269227631
-0.307250512400353,0.707175708956225,0.376705306615996
-0.30747173820819,0.708909200065711,0.374673344004363
-0.307692964016027,0.710642691175196,0.37264138139273
-0.307914189823864,0.712376182284682,0.370609418781096
-0.308135415631701,0.714109673394168,0.368577456169463
-0.308356641439538,0.715843164503654,0.366545493557829
-0.308577867247375,0.717576655613141,0.364513530946195
-0.308799093055211,0.719310146722627,0.362481568334562
-0.309020318863048,0.721043637832113,0.360449605722928
-0.309241544670885,0.722777128941599,0.358417643111295
-0.309462770478722,0.724510620051085,0.356385680499661
-0.309683996286559,0.726244111160571,0.354353717888028
-0.309905222094396,0.727977602270057,0.352321755276394
-0.310126447902233,0.729711093379544,0.35028979266476
-0.31034767371007,0.73144458448903,0.348257830053127
-0.310568899517906,0.733178075598515,0.346225867441493
-0.310790125325743,0.734911566708001,0.34419390482986
-0.31101135113358,0.736645057817487,0.342161942218227
-0.311232576941417,0.738378548926973,0.340129979606593
-0.311453802749254,0.740112040036459,0.33809801699496
-0.311675028557091,0.741845531145946,0.336066054383325
-0.311896254364928,0.743579022255432,0.334034091771692
-0.312117480172764,0.745312513364918,0.332002129160059
-0.312338705980601,0.747046004474404,0.329970166548425
-0.312559931788438,0.74877949558389,0.327938203936792
-0.312781157596275,0.750512986693376,0.325906241325158
-0.313002383404112,0.752246477802862,0.323874278713524
-0.313223609211949,0.753979968912348,0.321842316101891
-0.313444835019786,0.755713460021834,0.319810353490257
-0.313666060827622,0.75744695113132,0.317778390878624
-0.313887286635459,0.759180442240806,0.31574642826699
-0.314108512443296,0.760913933350292,0.313714465655357
-0.314329738251133,0.762647424459778,0.311682503043723
-0.31455096405897,0.764380915569265,0.309650540432089
-0.314772189866807,0.766114406678751,0.307618577820456
-0.314993415674644,0.767847897788237,0.305586615208822
-0.31521464148248,0.769581388897723,0.303554652597189
-0.315435867290317,0.771314880007209,0.301522689985556
-0.315657093098154,0.773048371116695,0.299490727373922
-0.315878318905991,0.77478186222618,0.297458764762289
-0.316099544713828,0.776515353335667,0.295426802150654
-0.316320770521665,0.778248844445153,0.293394839539021
-0.316541996329502,0.779982335554639,0.291362876927388
-0.316763222137338,0.781715826664125,0.289330914315754
-0.316984447945175,0.783449317773611,0.287298951704121
-0.317205673753012,0.785182808883097,0.285266989092487
-0.317426899560849,0.786916299992584,0.283235026480853
-0.317648125368686,0.78864979110207,0.28120306386922
-0.317869351176523,0.790383282211556,0.279171101257586
-0.31809057698436,0.792116773321042,0.277139138645953
-0.318311802792196,0.793850264430527,0.275107176034319
-0.318533028600033,0.795583755540013,0.273075213422686
-0.31875425440787,0.797317246649499,0.271043250811053
-0.318975480215707,0.799050737758986,0.269011288199418
-0.319196706023544,0.800784228868472,0.266979325587785
-0.319417931831381,0.802517719977958,0.264947362976151
-0.319639157639218,0.804251211087444,0.262915400364518
-0.319860383447054,0.80598470219693,0.260883437752884
-0.320076565683129,0.807710243105728,0.258850612418168
-0.320237268629819,0.809348331806958,0.256808297129532
-0.320397971576509,0.810986420508189,0.254765981840895
-0.320558674523199,0.812624509209419,0.252723666552259
-0.320719377469889,0.814262597910649,0.250681351263623
-0.320880080416578,0.815900686611879,0.248639035974987
-0.321040783363268,0.817538775313109,0.246596720686351
-0.321201486309958,0.819176864014339,0.244554405397715
-0.321362189256648,0.82081495271557,0.242512090109078
-0.321522892203338,0.8224530414168,0.240469774820442
-0.321683595150028,0.82409113011803,0.238427459531806
-0.321844298096718,0.82572921881926,0.23638514424317
-0.322005001043407,0.82736730752049,0.234342828954534
-0.322165703990097,0.82900539622172,0.232300513665898
-0.322326406936787,0.830643484922951,0.230258198377262
-0.322487109883477,0.832281573624181,0.228215883088625
-0.322647812830167,0.833919662325412,0.226173567799989
-0.322808515776857,0.835557751026642,0.224131252511353
-0.322969218723547,0.837195839727872,0.222088937222717
-0.323129921670236,0.838833928429102,0.220046621934081
-0.323290624616926,0.840472017130332,0.218004306645445
-0.323451327563616,0.842110105831562,0.215961991356809
-0.323612030510306,0.843748194532793,0.213919676068172
-0.323772733456996,0.845386283234023,0.211877360779536
-0.323933436403686,0.847024371935253,0.2098350454909
-0.324094139350376,0.848662460636483,0.207792730202264
-0.324254842297065,0.850300549337713,0.205750414913628
-0.324415545243755,0.851938638038943,0.203708099624992
-0.324576248190445,0.853576726740173,0.201665784336356
-0.324736951137135,0.855214815441404,0.199623469047719
-0.324897654083825,0.856852904142634,0.197581153759083
-0.325058357030515,0.858490992843864,0.195538838470447
-0.325219059977205,0.860129081545094,0.193496523181811
-0.325379762923894,0.861767170246324,0.191454207893175
-0.325540465870584,0.863405258947555,0.189411892604539
-0.325701168817274,0.865043347648785,0.187369577315903
-0.325861871763964,0.866681436350016,0.185327262027267
-0.326022574710654,0.868319525051246,0.183284946738631
-0.326183277657344,0.869957613752476,0.181242631449995
-0.326343980604034,0.871595702453706,0.179200316161359
-0.326504683550723,0.873233791154936,0.177158000872723
-0.326665386497413,0.874871879856166,0.175115685584087
-0.326826089444103,0.876509968557397,0.17307337029545
-0.326986792390793,0.878148057258627,0.171031055006814
-0.327147495337483,0.879786145959857,0.168988739718178
-0.327308198284173,0.881424234661087,0.166946424429542
-0.327468901230863,0.883062323362317,0.164904109140906
-0.327629604177552,0.884700412063547,0.16286179385227
-0.327790307124242,0.886338500764777,0.160819478563634
-0.327951010070932,0.887976589466008,0.158777163274997
-0.328111713017622,0.889614678167238,0.156734847986361
-0.328272415964312,0.891252766868468,0.154692532697725
-0.328433118911002,0.892890855569698,0.152650217409089
-0.328593821857691,0.894528944270928,0.150607902120453
-0.328754524804381,0.896167032972159,0.148565586831817
-0.328915227751071,0.897805121673389,0.14652327154318
-0.329075930697761,0.899443210374619,0.144480956254544
-0.329236633644451,0.90108129907585,0.142438640965908
-0.329397336591141,0.90271938777708,0.140396325677272
-0.329558039537831,0.90435747647831,0.138354010388636
-0.329718742484521,0.90599556517954,0.1363116951
-0.32987944543121,0.90763365388077,0.134269379811364
-0.329883002296271,0.909133708813951,0.132283286729258
-0.329100828753185,0.909943594906885,0.130578304679806
-0.3283186552101,0.91075348099982,0.128873322630353
-0.327536481667015,0.911563367092754,0.127168340580901
-0.326754308123929,0.912373253185688,0.125463358531449
-0.325972134580844,0.913183139278622,0.123758376481997
-0.325189961037758,0.913993025371557,0.122053394432545
-0.324407787494672,0.914802911464491,0.120348412383092
-0.323625613951587,0.915612797557425,0.118643430333639
-0.322843440408502,0.91642268365036,0.116938448284187
-0.322061266865416,0.917232569743294,0.115233466234735
-0.321279093322331,0.918042455836228,0.113528484185283
-0.320496919779245,0.918852341929162,0.11182350213583
-0.319714746236159,0.919662228022097,0.110118520086377
-0.318932572693074,0.920472114115031,0.108413538036925
-0.318150399149989,0.921282000207965,0.106708555987473
-0.317368225606903,0.9220918863009,0.105003573938021
-0.316586052063818,0.922901772393834,0.103298591888569
-0.315803878520732,0.923711658486768,0.101593609839116
-0.315021704977647,0.924521544579702,0.0998886277896641
-0.314239531434561,0.925331430672637,0.0981836457402111
-0.313457357891476,0.926141316765571,0.0964786636907589
-0.31267518434839,0.926951202858505,0.0947736816413066
-0.311893010805305,0.92776108895144,0.0930686995918544
-0.311110837262219,0.928570975044374,0.0913637175424022
-0.310328663719134,0.929380861137308,0.08965873549295
-0.309546490176048,0.930190747230242,0.0879537534434977
-0.308764316632963,0.931000633323177,0.0862487713940447
-0.307982143089877,0.931810519416111,0.0845437893445925
-0.307199969546792,0.932620405509045,0.0828388072951403
-0.306417796003706,0.933430291601979,0.081133825245688
-0.305635622460621,0.934240177694914,0.0794288431962358
-0.304853448917535,0.935050063787848,0.0777238611467836
-0.30407127537445,0.935859949880783,0.0760188790973306
-0.303289101831364,0.936669835973717,0.0743138970478784
-0.302506928288279,0.937479722066651,0.0726089149984261
-0.301724754745193,0.938289608159585,0.0709039329489739
-0.300942581202108,0.93909949425252,0.0691989508995217
-0.300160407659023,0.939909380345454,0.0674939688500695
-0.299378234115937,0.940719266438388,0.0657889868006172
-0.298596060572851,0.941529152531322,0.0640840047511643
-0.297813887029766,0.942339038624257,0.062379022701712
-0.29703171348668,0.943148924717191,0.0606740406522598
-0.296249539943595,0.943958810810125,0.0589690586028076
-0.295467366400509,0.94476869690306,0.0572640765533553
-0.294685192857424,0.945578582995994,0.0555590945039031
-0.293903019314339,0.946388469088928,0.0538541124544509
-0.293120845771253,0.947198355181862,0.0521491304049979
-0.292338672228167,0.948008241274797,0.0504441483555457
-0.291556498685082,0.948818127367731,0.0487391663060934
-0.290774325141997,0.949628013460665,0.0470341842566412
-0.289992151598911,0.950437899553599,0.045329202207189
-0.289209978055826,0.951247785646534,0.0436242201577367
-0.28842780451274,0.952057671739468,0.0419192381082845
-0.287645630969654,0.952867557832403,0.0402142560588315
-0.286863457426569,0.953677443925337,0.0385092740093793
-0.286081283883483,0.954487330018271,0.0368042919599271
-0.285299110340398,0.955297216111205,0.0350993099104748
-0.284516936797313,0.956107102204139,0.0333943278610226
-0.283734763254227,0.956916988297074,0.0316893458115704
-0.282952589711141,0.957726874390008,0.0299843637621174
-0.282170416168056,0.958536760482942,0.0282793817126652
-0.281326446045456,0.959206131072577,0.0266739830354661
-0.28029708618431,0.959453955152314,0.0253673344750263
-0.279267726323165,0.959701779232051,0.0240606859145864
-0.278238366462019,0.959949603311788,0.0227540373541466
-0.277209006600874,0.960197427391525,0.0214473887937068
-0.276179646739728,0.960445251471262,0.0201407402332664
-0.275150286878583,0.960693075550999,0.0188340916728266
-0.274120927017438,0.960940899630736,0.0175274431123867
-0.273091567156292,0.961188723710472,0.0162207945519469
-0.272062207295147,0.961436547790209,0.0149141459915071
-0.271032847434001,0.961684371869946,0.0136074974310672
-0.270003487572856,0.961932195949683,0.0123008488706274
-0.26897412771171,0.96218002002942,0.010994200310187
-0.267944767850565,0.962427844109157,0.00968755174974718
-0.266915407989419,0.962675668188894,0.00838090318930736
-0.265886048128274,0.96292349226863,0.00707425462886753
-0.264856688267129,0.963171316348367,0.0057676060684277
-0.263827328405983,0.963419140428104,0.00446095750798787
-0.262797968544838,0.963666964507841,0.00315430894754747
-0.261768608683692,0.963914788587578,0.00184766038710764
-0.260739248822547,0.964162612667315,0.000541011826667815
-0.259709888961402,0.964410436747052,-0.000765636733772015
-0.258680529100256,0.964658260826789,-0.00207228529421184
-0.257651169239111,0.964906084906525,-0.00337893385465167
-0.256621809377965,0.965153908986262,-0.0046855824150915
-0.25559244951682,0.965401733065999,-0.0059922309755319
-0.254563089655674,0.965649557145736,-0.00729887953597173
-0.253533729794529,0.965897381225473,-0.00860552809641156
-0.252504369933384,0.96614520530521,-0.00991217665685138
-0.251475010072238,0.966393029384947,-0.0112188252172912
-0.250445650211093,0.966640853464684,-0.012525473777731
-0.249416290349947,0.966888677544421,-0.0138321223381709
-0.248386930488802,0.967136501624158,-0.0151387708986113
-0.247357570627656,0.967384325703894,-0.0164454194590511
-0.246328210766511,0.967632149783631,-0.0177520680194909
-0.245298850905366,0.967879973863368,-0.0190587165799308
-0.24426949104422,0.968127797943105,-0.0203653651403706
-0.243240131183075,0.968375622022842,-0.0216720137008104
-0.242210771321929,0.968623446102579,-0.0229786622612508
-0.241181411460784,0.968871270182316,-0.0242853108216906
-0.240152051599638,0.969119094262052,-0.0255919593821305
-0.239122691738493,0.969366918341789,-0.0268986079425703
-0.238093331877347,0.969614742421526,-0.0282052565030101
-0.237063972016202,0.969862566501263,-0.02951190506345
-0.236034612155057,0.970110390581,-0.0308185536238898
-0.235005252293911,0.970358214660737,-0.0321252021843302
-0.233975892432766,0.970606038740474,-0.03343185074477
-0.23294653257162,0.970853862820211,-0.0347384993052098
-0.231917172710475,0.971101686899948,-0.0360451478656497
-0.230887812849329,0.971349510979684,-0.0373517964260895
-0.229858452988184,0.971597335059421,-0.0386584449865293
-0.228829093127039,0.971845159139158,-0.0399650935469692
-0.227799733265893,0.972092983218895,-0.0412717421074096
-0.226770373404748,0.972340807298632,-0.0425783906678494
-0.225741013543602,0.972588631378369,-0.0438850392282892
-0.224711653682457,0.972836455458106,-0.045191687788729
-0.223682293821311,0.973084279537843,-0.0464983363491689
-0.222652933960166,0.97333210361758,-0.0478049849096087
-0.22162357409902,0.973579927697316,-0.0491116334700491
-0.220594214237875,0.973827751777053,-0.0504182820304889
-0.21956485437673,0.97407557585679,-0.0517249305909288
-0.218535494515584,0.974323399936527,-0.0530315791513686
-0.217571275953008,0.974511550701804,-0.0542585397813554
-0.216737339987568,0.974580354838159,-0.0553261245504361
-0.215903404022129,0.974649158974515,-0.0563937093195169
-0.21506946805669,0.974717963110871,-0.0574612940885981
-0.214235532091251,0.974786767247227,-0.0585288788576788
-0.213401596125812,0.974855571383583,-0.0595964636267596
-0.212567660160372,0.974924375519939,-0.0606640483958403
-0.211733724194933,0.974993179656294,-0.0617316331649211
-0.210899788229494,0.97506198379265,-0.0627992179340018
-0.210065852264055,0.975130787929006,-0.0638668027030826
-0.209231916298616,0.975199592065362,-0.0649343874721638
-0.208397980333176,0.975268396201718,-0.0660019722412445
-0.207564044367737,0.975337200338073,-0.0670695570103253
-0.206730108402298,0.975406004474429,-0.068137141779406
-0.205896172436859,0.975474808610785,-0.0692047265484868
-0.20506223647142,0.975543612747141,-0.0702723113175675
-0.204228300505981,0.975612416883497,-0.0713398960866483
-0.203394364540541,0.975681221019853,-0.0724074808557295
-0.202560428575102,0.975750025156209,-0.0734750656248102
-0.201726492609663,0.975818829292564,-0.074542650393891
-0.200892556644224,0.97588763342892,-0.0756102351629717
-0.200058620678785,0.975956437565276,-0.0766778199320525
-0.199224684713346,0.976025241701632,-0.0777454047011332
-0.198390748747906,0.976094045837988,-0.0788129894702144
-0.197556812782467,0.976162849974343,-0.0798805742392952
-0.196722876817028,0.976231654110699,-0.0809481590083759
-0.195888940851589,0.976300458247055,-0.0820157437774567
-0.19505500488615,0.976369262383411,-0.0830833285465374
-0.19422106892071,0.976438066519767,-0.0841509133156182
-0.193387132955271,0.976506870656123,-0.0852184980846989
-0.192553196989832,0.976575674792479,-0.0862860828537801
-0.191719261024393,0.976644478928834,-0.0873536676228609
-0.190885325058954,0.97671328306519,-0.0884212523919416
-0.190051389093514,0.976782087201546,-0.0894888371610224
-0.189217453128075,0.976850891337902,-0.0905564219301031
-0.188383517162636,0.976919695474258,-0.0916240066991838
-0.187549581197197,0.976988499610613,-0.0926915914682646
-0.186715645231758,0.977057303746969,-0.0937591762373458
-0.185881709266318,0.977126107883325,-0.0948267610064266
-0.185047773300879,0.977194912019681,-0.0958943457755073
-0.18421383733544,0.977263716156037,-0.096961930544588
-0.183379901370001,0.977332520292393,-0.0980295153136688
-0.182545965404562,0.977401324428749,-0.0990971000827495
-0.181712029439122,0.977470128565104,-0.100164684851831
-0.180878093473683,0.97753893270146,-0.101232269620912
-0.180044157508244,0.977607736837816,-0.102299854389992
-0.179210221542805,0.977676540974172,-0.103367439159073
-0.178376285577366,0.977745345110528,-0.104435023928154
-0.177542349611927,0.977814149246884,-0.105502608697234
-0.176708413646488,0.977882953383239,-0.106570193466315
-0.175874477681048,0.977951757519595,-0.107637778235396
-0.175040541715609,0.978020561655951,-0.108705363004477
-0.17420660575017,0.978089365792307,-0.109772947773558
-0.173372669784731,0.978158169928663,-0.110840532542639
-0.172538733819292,0.978226974065019,-0.111908117311719
-0.171704797853852,0.978295778201374,-0.1129757020808
-0.170870861888413,0.97836458233773,-0.114043286849881
-0.170036925922974,0.978433386474086,-0.115110871618962
-0.169202989957535,0.978502190610442,-0.116178456388043
-0.168369053992096,0.978570994746798,-0.117246041157124
-0.167535118026656,0.978639798883154,-0.118313625926204
-0.166701182061217,0.97870860301951,-0.119381210695285
-0.165937457439235,0.978733940288164,-0.120375796871743
-0.165272028698093,0.978698423942038,-0.121268185018531
-0.164606599956951,0.978662907595911,-0.122160573165317
-0.163941171215809,0.978627391249784,-0.123052961312104
-0.163275742474668,0.978591874903657,-0.123945349458891
-0.162610313733526,0.978556358557531,-0.124837737605678
-0.161944884992384,0.978520842211404,-0.125730125752464
-0.161279456251242,0.978485325865277,-0.126622513899251
-0.1606140275101,0.978449809519151,-0.127514902046038
-0.159948598768958,0.978414293173024,-0.128407290192825
-0.159283170027816,0.978378776826897,-0.129299678339612
-0.158617741286674,0.978343260480771,-0.130192066486398
-0.157952312545533,0.978307744134644,-0.131084454633185
-0.157286883804391,0.978272227788517,-0.131976842779972
-0.156621455063249,0.978236711442391,-0.132869230926759
-0.155956026322107,0.978201195096264,-0.133761619073546
-0.155290597580965,0.978165678750137,-0.134654007220333
-0.154625168839823,0.97813016240401,-0.135546395367119
-0.153959740098681,0.978094646057884,-0.136438783513906
-0.153294311357539,0.978059129711757,-0.137331171660693
-0.152628882616398,0.97802361336563,-0.13822355980748
-0.151963453875256,0.977988097019504,-0.139115947954266
-0.151298025134114,0.977952580673377,-0.140008336101053
-0.150632596392972,0.97791706432725,-0.14090072424784
-0.14996716765183,0.977881547981124,-0.141793112394627
-0.149301738910688,0.977846031634997,-0.142685500541414
-0.148636310169546,0.97781051528887,-0.1435778886882
-0.147970881428404,0.977774998942744,-0.144470276834987
-0.147305452687262,0.977739482596617,-0.145362664981774
-0.14664002394612,0.97770396625049,-0.146255053128561
-0.145974595204978,0.977668449904364,-0.147147441275348
-0.145309166463837,0.977632933558237,-0.148039829422134
-0.144643737722695,0.97759741721211,-0.148932217568921
-0.143978308981553,0.977561900865983,-0.149824605715708
-0.143312880240411,0.977526384519857,-0.150716993862495
-0.142647451499269,0.97749086817373,-0.151609382009282
-0.141982022758127,0.977455351827603,-0.152501770156069
-0.141316594016985,0.977419835481477,-0.153394158302855
-0.140651165275843,0.97738431913535,-0.154286546449642
-0.139985736534702,0.977348802789223,-0.155178934596429
-0.13932030779356,0.977313286443097,-0.156071322743216
-0.138654879052418,0.97727777009697,-0.156963710890002
-0.137989450311276,0.977242253750843,-0.157856099036789
-0.137324021570134,0.977206737404717,-0.158748487183576
-0.136658592828992,0.97717122105859,-0.159640875330363
-0.13599316408785,0.977135704712463,-0.16053326347715
-0.135327735346708,0.977100188366337,-0.161425651623936
-0.134662306605566,0.97706467202021,-0.162318039770723
-0.133996877864424,0.977029155674083,-0.16321042791751
-0.133331449123283,0.976993639327957,-0.164102816064297
-0.132666020382141,0.97695812298183,-0.164995204211084
-0.132000591640999,0.976922606635703,-0.165887592357871
-0.131335162899857,0.976887090289576,-0.166779980504657
-0.130669734158715,0.97685157394345,-0.167672368651444
-0.130004305417573,0.976816057597323,-0.168564756798231
-0.129338876676431,0.976780541251196,-0.169457144945018
-0.128673447935289,0.97674502490507,-0.170349533091805
-0.128008019194147,0.976709508558943,-0.171241921238591
-0.127342590453006,0.976673992212816,-0.172134309385378
-0.126677161711864,0.97663847586669,-0.173026697532165
-0.126011732970722,0.976602959520563,-0.173919085678952
-0.12534630422958,0.976567443174436,-0.174811473825738
-0.124744742567254,0.976501585256363,-0.175639596533326
-0.124207047983743,0.976405385766343,-0.176403453801715
-0.123669353400233,0.976309186276324,-0.177167311070104
-0.123131658816723,0.976212986786304,-0.177931168338492
-0.122593964233213,0.976116787296285,-0.178695025606881
-0.122056269649702,0.976020587806265,-0.179458882875269
-0.121518575066192,0.975924388316245,-0.180222740143658
-0.120980880482681,0.975828188826226,-0.180986597412047
-0.120443185899171,0.975731989336206,-0.181750454680435
-0.119905491315661,0.975635789846186,-0.182514311948824
-0.119367796732151,0.975539590356167,-0.183278169217213
-0.11883010214864,0.975443390866147,-0.184042026485601
-0.11829240756513,0.975347191376128,-0.18480588375399
-0.117754712981619,0.975250991886108,-0.185569741022379
-0.117217018398109,0.975154792396088,-0.186333598290767
-0.116679323814599,0.975058592906069,-0.187097455559156
-0.116141629231089,0.974962393416049,-0.187861312827544
-0.115603934647578,0.974866193926029,-0.188625170095933
-0.115066240064068,0.97476999443601,-0.189389027364321
-0.114528545480558,0.97467379494599,-0.19015288463271
-0.113990850897047,0.97457759545597,-0.190916741901099
-0.113453156313537,0.974481395965951,-0.191680599169488
-0.112915461730027,0.974385196475931,-0.192444456437876
-0.112377767146516,0.974288996985912,-0.193208313706265
-0.111840072563006,0.974192797495892,-0.193972170974653
-0.111302377979496,0.974096598005872,-0.194736028243042
-0.110764683395985,0.974000398515853,-0.195499885511431
-0.110226988812475,0.973904199025833,-0.196263742779819
-0.109689294228965,0.973807999535813,-0.197027600048208
-0.109151599645454,0.973711800045794,-0.197791457316596
-0.108613905061944,0.973615600555774,-0.198555314584985
-0.108076210478434,0.973519401065754,-0.199319171853374
-0.107538515894923,0.973423201575735,-0.200083029121762
-0.107000821311413,0.973327002085715,-0.200846886390151
-0.106463126727903,0.973230802595696,-0.20161074365854
-0.105925432144392,0.973134603105676,-0.202374600926928
-0.105387737560882,0.973038403615656,-0.203138458195317
-0.104850042977372,0.972942204125637,-0.203902315463705
-0.104312348393861,0.972846004635617,-0.204666172732094
-0.103774653810351,0.972749805145597,-0.205430030000482
-0.103236959226841,0.972653605655578,-0.206193887268871
-0.10269926464333,0.972557406165558,-0.20695774453726
-0.10216157005982,0.972461206675538,-0.207721601805649
-0.10162387547631,0.972365007185519,-0.208485459074037
-0.101086180892799,0.972268807695499,-0.209249316342426
-0.100548486309289,0.97217260820548,-0.210013173610814
-0.100010791725779,0.97207640871546,-0.210777030879203
-0.0994730971422683,0.97198020922544,-0.211540888147592
-0.098935402558758,0.971884009735421,-0.21230474541598
-0.0983977079752477,0.971787810245401,-0.213068602684369
-0.0978600133917374,0.971691610755381,-0.213832459952757
-0.0973223188082271,0.971595411265362,-0.214596317221146
-0.0967846242247168,0.971499211775342,-0.215360174489535
-0.0962469296412063,0.971403012285323,-0.216124031757924
-0.095709235057696,0.971306812795303,-0.216887889026312
-0.0951715404741857,0.971210613305283,-0.217651746294701
-0.0946338458906754,0.971114413815264,-0.218415603563089
-0.0940961513071651,0.971018214325244,-0.219179460831478
-0.0935584567236548,0.970922014835224,-0.219943318099866
-0.0930207621401445,0.970825815345205,-0.220707175368255
-0.092483067556634,0.970729615855185,-0.221471032636644
-0.0919453729731237,0.970633416365165,-0.222234889905032
-0.0914613788954984,0.970516127259703,-0.222943002972276
-0.0910157423220765,0.970383774143209,-0.223611298752986
-0.0905701057486547,0.970251421026715,-0.224279594533697
-0.0901244691752329,0.970119067910222,-0.224947890314408
-0.0896788326018111,0.969986714793728,-0.225616186095118
-0.0892331960283891,0.969854361677234,-0.226284481875829
-0.0887875594549673,0.969722008560741,-0.22695277765654
-0.0883419228815455,0.969589655444247,-0.227621073437251
-0.0878962863081236,0.969457302327753,-0.228289369217961
-0.0874506497347018,0.969324949211259,-0.228957664998672
-0.08700501316128,0.969192596094766,-0.229625960779383
-0.086559376587858,0.969060242978272,-0.230294256560094
-0.0861137400144362,0.968927889861778,-0.230962552340804
-0.0856681034410144,0.968795536745285,-0.231630848121515
-0.0852224668675926,0.968663183628791,-0.232299143902226
-0.0847768302941708,0.968530830512297,-0.232967439682936
-0.084331193720749,0.968398477395804,-0.233635735463647
-0.0838855571473271,0.96826612427931,-0.234304031244358
-0.0834399205739051,0.968133771162816,-0.234972327025069
-0.0829942840004833,0.968001418046323,-0.235640622805779
-0.0825486474270615,0.967869064929829,-0.23630891858649
-0.0821030108536397,0.967736711813335,-0.236977214367201
-0.0816573742802179,0.967604358696842,-0.237645510147911
-0.081211737706796,0.967472005580348,-0.238313805928622
-0.0807661011333742,0.967339652463854,-0.238982101709333
-0.0803204645599522,0.96720729934736,-0.239650397490043
-0.0798748279865304,0.967074946230867,-0.240318693270754
-0.0794291914131086,0.966942593114373,-0.240986989051465
-0.0789835548396868,0.966810239997879,-0.241655284832175
-0.078537918266265,0.966677886881386,-0.242323580612886
-0.0780922816928432,0.966545533764892,-0.242991876393597
-0.0776466451194211,0.966413180648398,-0.243660172174308
-0.0772010085459993,0.966280827531905,-0.244328467955018
-0.0767553719725775,0.966148474415411,-0.244996763735729
-0.0763097353991557,0.966016121298917,-0.24566505951644
-0.0758640988257339,0.965883768182424,-0.24633335529715
-0.0754184622523121,0.96575141506593,-0.247001651077861
-0.0749728256788903,0.965619061949436,-0.247669946858572
-0.0745271891054682,0.965486708832943,-0.248338242639283
-0.0740815525320464,0.965354355716449,-0.249006538419993
-0.0736359159586246,0.965222002599955,-0.249674834200704
-0.0731902793852028,0.965089649483462,-0.250343129981415
-0.072744642811781,0.964957296366968,-0.251011425762125
-0.0722990062383592,0.964824943250474,-0.251679721542836
-0.0718533696649374,0.964692590133981,-0.252348017323547
-0.0714077330915154,0.964560237017487,-0.253016313104258
-0.0709620965180935,0.964427883900993,-0.253684608884968
-0.0705164599446717,0.964295530784499,-0.254352904665679
-0.0700708233712499,0.964163177668006,-0.25502120044639
-0.0696251867978281,0.964030824551512,-0.2556894962271
-0.0691795502244063,0.963898471435019,-0.256357792007811
-0.0687339136509843,0.963766118318525,-0.257026087788522
-0.0682882770775625,0.963633765202031,-0.257694383569233
-0.0678426405041406,0.963501412085537,-0.258362679349943
-0.0673970039307188,0.963369058969044,-0.259030975130654
-0.066951367357297,0.96323670585255,-0.259699270911365
-0.0665057307838752,0.963104352736056,-0.260367566692075
-0.0660600942104534,0.962971999619563,-0.261035862472786
-0.0656144576370314,0.962839646503069,-0.261704158253497
-0.0651688210636096,0.962707293386575,-0.262372454034208
-0.0647231844901877,0.962574940270082,-0.263040749814918
-0.0642775479167659,0.962442587153588,-0.263709045595629
-0.0638750203024009,0.962295369296504,-0.264328604832312
-0.0634940471675643,0.962140719069126,-0.264923795796981
-0.0631130740327277,0.961986068841747,-0.265518986761651
-0.0627321008978909,0.961831418614369,-0.26611417772632
-0.0623511277630543,0.96167676838699,-0.266709368690989
-0.0619701546282177,0.961522118159611,-0.267304559655658
-0.0615891814933811,0.961367467932233,-0.267899750620328
-0.0612082083585445,0.961212817704854,-0.268494941584997
-0.0608272352237079,0.961058167477476,-0.269090132549666
-0.0604462620888713,0.960903517250097,-0.269685323514335
-0.0600652889540345,0.960748867022719,-0.270280514479005
-0.0596843158191979,0.96059421679534,-0.270875705443674
-0.0593033426843613,0.960439566567962,-0.271470896408343
-0.0589223695495247,0.960284916340583,-0.272066087373012
-0.0585413964146881,0.960130266113205,-0.272661278337682
-0.0581604232798515,0.959975615885826,-0.273256469302351
-0.0577794501450147,0.959820965658447,-0.27385166026702
-0.0573984770101781,0.959666315431069,-0.27444685123169
-0.0570175038753415,0.95951166520369,-0.275042042196359
-0.0566365307405049,0.959357014976312,-0.275637233161028
-0.0562555576056683,0.959202364748933,-0.276232424125697
-0.0558745844708317,0.959047714521555,-0.276827615090366
-0.0554936113359951,0.958893064294176,-0.277422806055036
-0.0551126382011583,0.958738414066798,-0.278017997019705
-0.0547316650663217,0.958583763839419,-0.278613187984374
-0.0543506919314851,0.95842911361204,-0.279208378949044
-0.0539697187966485,0.958274463384662,-0.279803569913713
-0.0535887456618119,0.958119813157283,-0.280398760878382
-0.0532077725269753,0.957965162929905,-0.280993951843051
-0.0528267993921387,0.957810512702526,-0.28158914280772
-0.0524458262573019,0.957655862475148,-0.28218433377239
-0.0520648531224653,0.957501212247769,-0.282779524737059
-0.0516838799876287,0.957346562020391,-0.283374715701728
-0.0513029068527921,0.957191911793012,-0.283969906666398
-0.0509219337179555,0.957037261565633,-0.284565097631067
-0.0505409605831189,0.956882611338255,-0.285160288595736
-0.0501599874482821,0.956727961110876,-0.285755479560405
-0.0497790143134455,0.956573310883498,-0.286350670525075
-0.0493980411786089,0.956418660656119,-0.286945861489744
-0.0490170680437723,0.956264010428741,-0.287541052454413
-0.0486360949089357,0.956109360201362,-0.288136243419082
-0.0482551217740991,0.955954709973984,-0.288731434383752
-0.0478741486392625,0.955800059746605,-0.289326625348421
-0.0474931755044257,0.955645409519227,-0.28992181631309
-0.0471122023695891,0.955490759291848,-0.290517007277759
-0.0467312292347525,0.955336109064469,-0.291112198242429
-0.0463502560999159,0.955181458837091,-0.291707389207098
-0.0459692829650793,0.955026808609712,-0.292302580171767
-0.0455883098302427,0.954872158382334,-0.292897771136436
-0.0452073366954061,0.954717508154955,-0.293492962101106
-0.0448263635605693,0.954562857927577,-0.294088153065775
-0.0444453904257327,0.954408207700198,-0.294683344030444
-0.0440644172908961,0.95425355747282,-0.295278534995113
-0.0436834441560595,0.954098907245441,-0.295873725959783
-0.0433024710212229,0.953944257018062,-0.296468916924452
-0.0429214978863863,0.953789606790684,-0.297064107889121
-0.0425405247515495,0.953634956563305,-0.297659298853791
-0.0421595516167129,0.953480306335927,-0.29825448981846
-0.0417785784818763,0.953325656108548,-0.298849680783129
-0.0413976053470397,0.95317100588117,-0.299444871747798
-0.0410166322122031,0.953016355653791,-0.300040062712467
-0.0406356590773665,0.952861705426413,-0.300635253677137
-0.0404042401908826,0.952924576935184,-0.300462605093241
-0.0402226727205162,0.953059955689339,-0.300034009993156
-0.0400411052501498,0.953195334443494,-0.299605414893071
-0.0398595377797835,0.953330713197649,-0.299176819792987
-0.0396779703094171,0.953466091951804,-0.298748224692903
-0.0394964028390508,0.953601470705959,-0.298319629592818
-0.0393148353686845,0.953736849460114,-0.297891034492734
-0.0391332678983181,0.953872228214269,-0.297462439392649
-0.0389517004279517,0.954007606968424,-0.297033844292564
-0.0387701329575854,0.954142985722579,-0.29660524919248
-0.038588565487219,0.954278364476734,-0.296176654092395
-0.0384069980168527,0.954413743230889,-0.295748058992311
-0.0382254305464864,0.954549121985044,-0.295319463892227
-0.03804386307612,0.954684500739199,-0.294890868792142
-0.0378622956057536,0.954819879493354,-0.294462273692057
-0.0376807281353873,0.954955258247509,-0.294033678591973
-0.0374991606650209,0.955090637001664,-0.293605083491888
-0.0373175931946546,0.955226015755819,-0.293176488391804
-0.0371360257242883,0.955361394509974,-0.292747893291719
-0.0369544582539219,0.955496773264129,-0.292319298191635
-0.0367728907835556,0.955632152018284,-0.291890703091551
-0.0365913233131892,0.955767530772439,-0.291462107991466
-0.0364097558428228,0.955902909526594,-0.291033512891381
-0.0362281883724565,0.956038288280749,-0.290604917791297
-0.0360466209020902,0.956173667034904,-0.290176322691212
-0.0358650534317238,0.956309045789059,-0.289747727591128
-0.0356834859613575,0.956444424543214,-0.289319132491043
-0.0355019184909911,0.956579803297369,-0.288890537390959
-0.0353203510206247,0.956715182051524,-0.288461942290874
-0.0351387835502584,0.956850560805679,-0.28803334719079
-0.0349572160798921,0.956985939559834,-0.287604752090705
-0.0347756486095257,0.957121318313989,-0.287176156990621
-0.0345940811391594,0.957256697068144,-0.286747561890536
-0.0344125136687931,0.957392075822299,-0.286318966790452
-0.0342309461984267,0.957527454576454,-0.285890371690367
-0.0340493787280603,0.957662833330609,-0.285461776590283
-0.033867811257694,0.957798212084764,-0.285033181490198
-0.0336862437873276,0.957933590838919,-0.284604586390114
-0.0335046763169613,0.958068969593074,-0.284175991290029
-0.0333231088465949,0.958204348347229,-0.283747396189945
-0.0331415413762286,0.958339727101384,-0.28331880108986
-0.0329599739058622,0.958475105855539,-0.282890205989776
-0.0327784064354959,0.958610484609694,-0.282461610889691
-0.0325968389651295,0.958745863363849,-0.282033015789607
-0.0324152714947632,0.958881242118004,-0.281604420689522
-0.0322337040243968,0.959016620872159,-0.281175825589438
-0.0320521365540305,0.959151999626314,-0.280747230489353
-0.0318705690836642,0.959287378380469,-0.280318635389269
-0.0316890016132978,0.959422757134624,-0.279890040289184
-0.0315074341429314,0.959558135888779,-0.2794614451891
-0.0313258666725651,0.959693514642934,-0.279032850089015
-0.0311442992021987,0.959828893397089,-0.278604254988931
-0.0309627317318324,0.959964272151244,-0.278175659888846
-0.0307811642614661,0.960099650905399,-0.277747064788762
-0.0305995967910997,0.960235029659554,-0.277318469688677
-0.0304180293207333,0.960370408413709,-0.276889874588593
-0.030236461850367,0.960505787167864,-0.276461279488508
-0.0300548943800006,0.960641165922019,-0.276032684388424
-0.0298733269096343,0.960776544676174,-0.275604089288339
-0.029691759439268,0.960911923430329,-0.275175494188255
-0.0295101919689016,0.961047302184483,-0.27474689908817
-0.0293286244985352,0.961182680938638,-0.274318303988086
-0.0269247139923139,0.956889964850721,-0.27102550936419
-0.0240763348789223,0.951711629794391,-0.267159874835534
-0.0212279557655307,0.946533294738061,-0.263294240306877
-0.0183795766521391,0.94135495968173,-0.259428605778221
-0.0155311975387476,0.9361766246254,-0.255562971249564
-0.012682818425356,0.93099828956907,-0.251697336720907
-0.00983443931196312,0.925819954512738,-0.247831702192249
-0.00698606019857153,0.920641619456407,-0.243966067663593
-0.00413768108517994,0.915463284400077,-0.240100433134936
-0.00128930197178835,0.910284949343747,-0.236234798606279
0.00155907714160324,0.905106614287416,-0.232369164077623
0.00440745625499483,0.899928279231086,-0.228503529548966
0.00725583536838641,0.894749944174756,-0.22463789502031
0.0101042144817793,0.889571609118423,-0.220772260491651
0.0129525935951709,0.884393274062093,-0.216906625962995
0.0158009727085624,0.879214939005763,-0.213040991434338
0.018649351821954,0.874036603949433,-0.209175356905682
0.0214977309353456,0.868858268893102,-0.205309722377025
0.0243461100487372,0.863679933836772,-0.201444087848369
0.02719448916213,0.85850159878044,-0.19757845331971
0.0300428682755216,0.853323263724109,-0.193712818791054
0.0328912473889132,0.848144928667779,-0.189847184262397
0.0357396265023048,0.842966593611449,-0.185981549733741
0.0385880056156964,0.837788258555119,-0.182115915205084
0.041436384729088,0.832609923498788,-0.178250280676427
0.0442847638424796,0.827431588442458,-0.174384646147771
0.0471331429558724,0.822253253386126,-0.170519011619113
0.049981522069264,0.817074918329795,-0.166653377090456
0.0528299011826556,0.811896583273465,-0.162787742561799
0.0556782802960472,0.806718248217135,-0.158922108033143
0.0585266594094388,0.801539913160805,-0.155056473504486
0.0613750385228304,0.796361578104474,-0.15119083897583
0.064223417636222,0.791183243048144,-0.147325204447173
0.0670717967496148,0.786004907991812,-0.143459569918515
0.0699201758630064,0.780826572935481,-0.139593935389858
0.072768554976398,0.775648237879151,-0.135728300861202
0.0756169340897896,0.770469902822821,-0.131862666332545
0.0784653132031812,0.765291567766491,-0.127997031803889
0.0813136923165728,0.76011323271016,-0.124131397275232
0.0841620714299656,0.754934897653828,-0.120265762746574
0.0870104505433572,0.749756562597498,-0.116400128217917
0.0898588296567488,0.744578227541167,-0.112534493689261
0.0927072087701404,0.739399892484837,-0.108668859160604
0.095555587883532,0.734221557428507,-0.104803224631947
0.0984039669969236,0.729043222372176,-0.100937590103291
0.101252346110315,0.723864887315846,-0.0970719555746343
0.104100725223708,0.718686552259514,-0.0932063210459761
0.1069491043371,0.713508217203184,-0.0893406865173195
0.109797483450491,0.708329882146853,-0.0854750519886629
0.112645862563883,0.703151547090523,-0.0816094174600063
0.115494241677274,0.697973212034193,-0.0777437829313498
0.118342620790666,0.692794876977862,-0.0738781484026932
0.121190999904058,0.687616541921532,-0.0700125138740366
0.12403937901745,0.6824382068652,-0.0661468793453784
0.126887758130842,0.677259871808869,-0.0622812448167218
0.129736137244234,0.672081536752539,-0.0584156102880652
0.132584516357625,0.666903201696209,-0.0545499757594086
0.135432895471017,0.661724866639879,-0.0506843412307521
0.138281274584408,0.656546531583548,-0.0468187067020955
0.1411296536978,0.651368196527218,-0.0429530721734389
0.143978032811193,0.646189861470886,-0.0390874376447806
0.146826411924584,0.641011526414555,-0.0352218031161241
0.144886520396652,0.631096310763147,-0.0343829827385667
0.14251133153769,0.620750469603096,-0.0338193272838361
0.140136142678729,0.610404628443045,-0.0332556718291056
0.137760953819768,0.600058787282994,-0.032692016374375
0.135385764960805,0.589712946122939,-0.0321283609196442
0.133010576101844,0.579367104962888,-0.0315647054649136
0.130635387242883,0.569021263802837,-0.031001050010183
0.128260198383921,0.558675422642786,-0.0304373945554525
0.12588500952496,0.548329581482735,-0.0298737391007219
0.123509820665999,0.537983740322684,-0.0293100836459914
0.121134631807037,0.527637899162633,-0.0287464281912608
0.118759442948075,0.517292058002578,-0.02818277273653
0.116384254089114,0.506946216842527,-0.0276191172817994
0.114009065230152,0.496600375682476,-0.0270554618270689
0.111633876371191,0.486254534522425,-0.0264918063723383
0.109258687512229,0.475908693362374,-0.0259281509176077
0.106883498653268,0.465562852202323,-0.0253644954628772
0.104508309794307,0.455217011042272,-0.0248008400081466
0.102133120935344,0.444871169882217,-0.0242371845534158
0.099757932076383,0.434525328722166,-0.0236735290986852
0.0973827432174217,0.424179487562115,-0.0231098736439546
0.0950075543584603,0.413833646402064,-0.0225462181892241
0.092632365499499,0.403487805242013,-0.0219825627344935
0.0902571766405376,0.393141964081962,-0.021418907279763
0.0878819877815752,0.382796122921907,-0.0208552518250321
0.0855067989226139,0.372450281761856,-0.0202915963703016
0.0831316100636525,0.362104440601805,-0.019727940915571
0.0807564212046912,0.351758599441754,-0.0191642854608404
0.0783812323457298,0.341412758281703,-0.0186006300061099
0.0760060434867685,0.331066917121652,-0.0180369745513793
0.0736308546278071,0.320721075961601,-0.0174733190966488
0.0712556657688447,0.310375234801546,-0.0169096636419179
0.0688804769098834,0.300029393641495,-0.0163460081871874
0.066505288050922,0.289683552481444,-0.0157823527324568
0.0641300991919607,0.279337711321393,-0.0152186972777262
0.0617549103329993,0.268991870161342,-0.0146550418229957
0.059379721474038,0.258646029001291,-0.0140913863682651
0.0570045326150766,0.24830018784124,-0.0135277309135345
0.0546293437561142,0.237954346681185,-0.0129640754588037
0.0522541548971529,0.227608505521134,-0.0124004200040732
0.0498789660381915,0.217262664361083,-0.0118367645493426
0.0475037771792302,0.206916823201032,-0.011273109094612
0.0451285883202688,0.196570982040981,-0.0107094536398815
0.0427533994613075,0.18622514088093,-0.0101457981851509
0.0403782106023451,0.175879299720875,-0.0095821427304201
0.0380030217433837,0.165533458560824,-0.00901848727568953
0.0356278328844223,0.155187617400773,-0.00845483182095897
0.033252644025461,0.144841776240722,-0.00789117636622841
0.0308774551664997,0.134495935080671,-0.00732752091149784
0.0285022663075383,0.12415009392062,-0.00676386545676727
0.0261270774485769,0.113804252760569,-0.00620021000203671
0.0237518885896145,0.103458411600514,-0.0056365545473059
0.0213766997306532,0.0931125704404628,-0.00507289909257533
0.0190015108716919,0.082766729280412,-0.00450924363784477
0.0166263220127305,0.072420888120361,-0.0039455881831142
0.0142511331537692,0.0620750469603101,-0.00338193272838364
0.0118759442948078,0.0517292058002592,-0.00281827727365307
0.00950075543584644,0.0413833646402082,-0.0022546218189225
0.00712556657688404,0.0310375234801528,-0.00169096636419169
0.00475037771792269,0.0206916823201019,-0.00112731090946113
0.00237518885896135,0.0103458411600509,-0.000563655454730562
0,0,0
0,0,0
0,0,0
0,0,0
0,0,0
0,0,0
0,0,0
0,0,0
0,0,0
0,0,0
0,0,0
0,0,0
0,0,0
0,0,0
0,0,0
0,0,0
0,0,0
0,0,0
0,0,0
0,0,0
0,0,0
0,0,0
0,0,0
0,0,0
0,0,0
0,0,0
0,0,0
0,0,0
0,0,0
0,0,0
0,0,0
0,0,0
0,0,0
0,0,0
0,0,0
0,0,0
0,0,0
0,0,0
0,0,0
0,0,0
0,0,0
0,0,0
0,0,0
0,0,0
0,0,0
0,0,0
0,0,0
0,0,0
0,0,0
0,0,0
0,0,0
0,0,0
0,0,0
0,0,0
0,0,0
0,0,0
0,0,0
0,0,0
0,0,0
0,0,0
0,0,0
0,0,0
0,0,0
0,0,0
0,0,0
0,0,0
0,0,0
0,0,0
0,0,0
0,0,0
0,0,0
0,0,0
0,0,0
0,0,0
0,0,0
0,0,0
0,0,0
0,0,0
0,0,0
0,0,0
0,0,0
0,0,0
0,0,0
0,0,0
0,0,0
0,0,0
0,0,0
0,0,0
0,0,0
0,0,0
0,0,0
0,0,0
0,0,0
0,0,0
0,0,0
0,0,0
0,0,0
0,0,0
0,0,0
0,0,0
0,0,0
0,0,0
0,0,0
0,0,0
0,0,0
0,0,0
0,0,0
0,0,0
0,0,0
0,0,0
0,0,0
0,0,0
0,0,0
0,0,0
0,0,0
0,0,0
0,0,0
0,0,0
0,0,0
0,0,0
0,0,0
0,0,0
0,0,0
0,0,0
0,0,0
0,0,0
0,0,0
0,0,0
0,0,0
0,0,0
0,0,0
0,0,0
0,0,0
0,0,0
0,0,0
0,0,0
0,0,0
0,0,0
0,0,0
0,0,0
0,0,0
0,0,0
0,0,0
0,0,0
0,0,0
0,0,0
0,0,0
0,0,0
0,0,0
0,0,0
0,0,0
0,0,0
0,0,0
0,0,0
0,0,0
0,0,0
0,0,0
0,0,0
0,0,0
0,0,0
0,0,0
0,0,0
0,0,0
0,0,0
0,0,0
0,0,0
0,0,0
0,0,0
0,0,0
0,0,0
0,0,0
0,0,0
0,0,0
0,0,0
0,0,0
0,0,0
0,0,0
0,0,0
0,0,0
0,0,0
0,0,0
0,0,0
0,0,0
0,0,0
0,0,0
0,0,0
0,0,0
0,0,0
0,0,0
0,0,0
0,0,0
0,0,0
0,0,0
0,0,0
0,0,0
0,0,0
0,0,0
0,0,0
0,0,0
0,0,0
0,0,0
0,0,0
0,0,0
0,0,0
0,0,0
0,0,0
0,0,0
0,0,0
0,0,0
0,0,0
0,0,0
0,0,0
0,0,0
0,0,0
0,0,0
0,0,0
0,0,0
0,0,0
0,0,0
0,0,0
0,0,0
0,0,0
0,0,0
0,0,0
0,0,0
0,0,0
0,0,0
0,0,0
0,0,0
0,0,0
0,0,0
0,0,0
0,0,0
0,0,0
0,0,0
0,0,0
0,0,0
0,0,0
0,0,0
0,0,0
0,0,0
0,0,0
0,0,0
0,0,0
0,0,0
0,0,0
0,0,0
0,0,0
0,0,0
0,0,0
0,0,0
0,0,0
0,0,0
0,0,0
0,0,0
0,0,0
0,0,0
0,0,0
0,0,0
0,0,0
0,0,0
0,0,0
0,0,0
0,0,0
0,0,0
0,0,0
0,0,0
0,0,0
0,0,0
0,0,0
0,0,0
0,0,0
0,0,0
0,0,0
0,0,0
0,0,0
0,0,0
0,0,0
0,0,0
0,0,0
0,0,0
0,0,0
0,0,0
0,0,0
0,0,0
0,0,0
0,0,0
0,0,0
0,0,0
0,0,0
0,0,0
0,0,0
0,0,0
0,0,0
0,0,0
0,0,0
0,0,0
0,0,0
0,0,0
0,0,0
0,0,0
0,0,0
0,0,0
0,0,0
0,0,0
0,0,0
0,0,0
0,0,0
0,0,0
0,0,0
0,0,0
0,0,0
0,0,0
0,0,0
0,0,0
0,0,0
0,0,0
0,0,0
0,0,0
0,0,0
0,0,0
0,0,0
0,0,0
0,0,0
0,0,0
0,0,0
0,0,0
0,0,0
0,0,0
0,0,0
0,0,0
0,0,0
0,0,0
0,0,0
0,0,0
0,0,0
0,0,0
0,0,0
0,0,0
0,0,0
0,0,0
0,0,0
0,0,0
0,0,0
0,0,0
0,0,0
0,0,0
0,0,0
0,0,0
0,0,0
0,0,0
0,0,0
0,0,0
0,0,0
0,0,0
0,0,0
0,0,0
0,0,0
0,0,0
0,0,0
0,0,0
0,0,0
0,0,0
0,0,0
0,0,0
0,0,0
0,0,0
0,0,0
0,0,0
0,0,0
0,0,0
0,0,0
0,0,0
0,0,0
0,0,0
0,0,0
0,0,0
0,0,0
0,0,0
0,0,0
0,0,0
0,0,0
0,0,0
0,0,0
0,0,0
0,0,0
0,0,0
0,0,0
0,0,0
0,0,0
0,0,0
0,0,0
0,0,0
0,0,0
0,0,0
0,0,0
0,0,0
0,0,0
0,0,0
0,0,0
0,0,0
0,0,0
0,0,0
0,0,0
0,0,0
0,0,0
0,0,0
0,0,0
0,0,0
0,0,0
0,0,0
0,0,0
0,0,0
0,0,0
0,0,0
0,0,0
0,0,0
0,0,0
0,0,0
0,0,0
0,0,0
0,0,0
0,0,0
0,0,0
0,0,0
0,0,0
0,0,0
0,0,0
0,0,0
0,0,0
0,0,0
0,0,0
0,0,0
0,0,0
0,0,0
0,0,0
0,0,0
0,0,0
0,0,0
0,0,0
0,0,0
0,0,0
0,0,0
0,0,0
0,0,0
0,0,0
0,0,0
0,0,0
0,0,0
0,0,0
0,0,0
0,0,0
0,0,0
0,0,0
0,0,0
0,0,0
0,0,0
0,0,0
0,0,0
0,0,0
0,0,0
0,0,0
0,0,0
0,0,0
0,0,0
0,0,0
0,0,0
0,0,0
0,0,0
0,0,0
0,0,0
0,0,0
0,0,0
0,0,0
0,0,0
0,0,0
0,0,0
0,0,0
0,0,0
0,0,0
0,0,0
0,0,0
0,0,0
0,0,0
0,0,0
0,0,0
0,0,0
0,0,0
0,0,0
0,0,0
0,0,0
0,0,0
0,0,0
0,0,0
0,0,0
0,0,0
0,0,0
0,0,0
0,0,0
0,0,0
0,0,0
0,0,0
0,0,0
0,0,0
0,0,0
0,0,0
0,0,0
0,0,0
0,0,0
0,0,0
0,0,0
0,0,0
0,0,0
0,0,0
0,0,0
0,0,0
0,0,0
0,0,0
0,0,0
0,0,0
0,0,0
0,0,0
0,0,0
0,0,0
0,0,0
0,0,0
0,0,0
0,0,0
0,0,0
0,0,0
0,0,0
0,0,0
0,0,0
0,0,0
0,0,0
0,0,0
0,0,0
0,0,0
0,0,0
0,0,0
0,0,0
0,0,0
0,0,0
0,0,0
0,0,0
0,0,0
0,0,0
0,0,0
0,0,0
0,0,0
0,0,0
0,0,0
0,0,0
0,0,0
0,0,0
0,0,0
0,0,0
0,0,0
0,0,0
0,0,0
0,0,0
0,0,0
0,0,0
0,0,0
0,0,0
0,0,0
0,0,0
0,0,0
0,0,0
0,0,0
0,0,0
0,0,0
0,0,0
0,0,0
0,0,0
0,0,0
0,0,0
0,0,0
0,0,0
0,0,0
0,0,0
0,0,0
0,0,0
0,0,0
0,0,0
0,0,0
0,0,0
0,0,0
0,0,0
0,0,0
0,0,0
0,0,0
0,0,0
0,0,0
0,0,0
0,0,0
0,0,0
0,0,0
0,0,0
0,0,0
0,0,0
0,0,0
0,0,0
0,0,0
0,0,0
0,0,0
0,0,0
0,0,0
0,0,0
0,0,0
0,0,0
0,0,0
0,0,0
0,0,0
0,0,0
0,0,0
0,0,0
0,0,0
0,0,0
0,0,0
0,0,0
0,0,0
0,0,0
0,0,0
0,0,0
0,0,0
0,0,0
0,0,0
0,0,0
0,0,0
0,0,0
0,0,0
0,0,0
0,0,0
0,0,0
0,0,0
0,0,0
0,0,0
0,0,0
0,0,0
0,0,0
0,0,0
0,0,0
0,0,0
0,0,0
0,0,0
0,0,0
0,0,0
0,0,0
0,0,0
0,0,0
0,0,0
0,0,0
0,0,0
0,0,0
0,0,0
0,0,0
0,0,0
0,0,0
0,0,0
0,0,0
0,0,0
0,0,0
0,0,0
0,0,0
0,0,0
0,0,0
0,0,0
0,0,0
0,0,0
0,0,0
0,0,0
0,0,0
0,0,0
0,0,0
0,0,0
0,0,0
0,0,0
0,0,0
0,0,0
0,0,0
0,0,0
0,0,0
0,0,0
0,0,0
0,0,0
0,0,0
0,0,0
0,0,0
0,0,0
0,0,0
0,0,0
0,0,0
0,0,0
0,0,0
0,0,0
0,0,0
0,0,0
0,0,0
0,0,0
0,0,0
0,0,0
0,0,0
0,0,0
0,0,0
0,0,0
0,0,0
0,0,0
0,0,0
0,0,0
0,0,0
0,0,0
0,0,0
0,0,0
0,0,0
0,0,0
0,0,0
0,0,0
0,0,0
0,0,0
0,0,0
0,0,0
0,0,0
0,0,0
0,0,0
0,0,0
0,0,0
0,0,0
0,0,0
0,0,0
0,0,0
0,0,0
0,0,0
0,0,0
0,0,0
0,0,0
0,0,0
0,0,0
0,0,0
0,0,0
0,0,0
0,0,0
0,0,0
0,0,0
0,0,0
0,0,0
0,0,0
0,0,0
0,0,0
0,0,0
0,0,0
0,0,0
0,0,0
0,0,0
0,0,0
0,0,0
0,0,0
0,0,0
0,0,0
0,0,0
0,0,0
0,0,0
0,0,0
0,0,0
0,0,0
0,0,0
0,0,0
0,0,0
0,0,0
0,0,0
0,0,0
0,0,0
0,0,0
0,0,0
0,0,0
0,0,0
0,0,0
0,0,0
0,0,0
0,0,0
0,0,0
0,0,0
0,0,0
0,0,0
0,0,0
0,0,0
0,0,0
0,0,0
0,0,0
0,0,0
0,0,0
0,0,0
0,0,0
0,0,0
0,0,0
0,0,0
0,0,0
0,0,0
0,0,0
0,0,0
0,0,0
0,0,0
0,0,0
0,0,0
0,0,0
0,0,0
0,0,0
0,0,0
0,0,0
0,0,0
0,0,0
0,0,0
0,0,0
0,0,0
0,0,0
0,0,0
0,0,0
0,0,0
0,0,0
0,0,0
0,0,0
0,0,0
0,0,0
0,0,0
0,0,0
0,0,0
0,0,0
0,0,0
0,0,0
0,0,0
0,0,0
0,0,0
0,0,0
0,0,0
0,0,0
0,0,0
0,0,0
0,0,0
0,0,0
0,0,0
0,0,0
0,0,0
0,0,0
0,0,0
0,0,0
0,0,0
0,0,0
0,0,0
0,0,0
0,0,0
0,0,0
0,0,0
0,0,0
0,0,0
0,0,0
0,0,0
0,0,0
0,0,0
0,0,0
0,0,0
0,0,0
0,0,0
0,0,0
0,0,0
0,0,0
0,0,0
0,0,0
0,0,0
0,0,0
0,0,0
0,0,0
0,0,0
0,0,0
0,0,0
0,0,0
0,0,0
0,0,0
0,0,0
0,0,0
0,0,0
0,0,0
0,0,0
0,0,0
0,0,0
0,0,0
0,0,0
0,0,0
0,0,0
0,0,0
0,0,0
0,0,0
0,0,0
0,0,0
0,0,0
0,0,0
0,0,0
0,0,0
0,0,0
0,0,0
0,0,0
0,0,0
0,0,0
0,0,0
0,0,0
0,0,0
0,0,0
0,0,0
0,0,0
0,0,0
0,0,0
0,0,0
0,0,0
0,0,0
0,0,0
0,0,0
0,0,0
0,0,0
0,0,0
0,0,0
0,0,0
0,0,0
0,0,0
0,0,0
0,0,0
0,0,0
0,0,0
0,0,0
0,0,0
0,0,0
0,0,0
0,0,0
0,0,0
0,0,0
0,0,0
0,0,0
0,0,0
0,0,0
0,0,0
0,0,0
0,0,0
0,0,0
0,0,0
0,0,0
0,0,0
0,0,0
0,0,0
0,0,0
0,0,0
0,0,0
0,0,0
0,0,0
0,0,0
0,0,0
0,0,0
0,0,0
0,0,0
0,0,0
0,0,0
0,0,0
0,0,0
0,0,0
0,0,0
0,0,0
0,0,0
0,0,0
0,0,0
0,0,0
0,0,0
0,0,0
0,0,0
0,0,0
0,0,0
0,0,0
0,0,0
0,0,0
0,0,0
0,0,0
0,0,0
0,0,0
0,0,0
0,0,0
0,0,0
0,0,0
0,0,0
0,0,0
0,0,0
0,0,0
0,0,0
0,0,0
0,0,0
0,0,0
0,0,0
0,0,0
0,0,0
0,0,0
0,0,0
0,0,0
0,0,0
0,0,0
0,0,0
0,0,0
0,0,0
0,0,0
0,0,0
0,0,0
0,0,0
0,0,0
0,0,0
0,0,0
0,0,0
0,0,0
0,0,0
0,0,0
0,0,0
0,0,0
0,0,0
0,0,0
0,0,0
0,0,0
0,0,0
0,0,0
0,0,0
0,0,0
0,0,0
0,0,0
0,0,0
0,0,0
0,0,0
0,0,0
0,0,0
0,0,0
0,0,0
0,0,0
0,0,0
0,0,0
0,0,0
0,0,0
0,0,0
0,0,0
0,0,0
0,0,0
0,0,0
0,0,0
0,0,0
0,0,0
0,0,0
0,0,0
0,0,0
0,0,0
0,0,0
0,0,0
0,0,0
0,0,0
0,0,0
0,0,0
0,0,0
0,0,0
0,0,0
0,0,0
0,0,0
0,0,0
0,0,0
0,0,0
0,0,0
0,0,0
0,0,0
0,0,0
0,0,0
0,0,0
0,0,0
0,0,0
0,0,0
0,0,0
0,0,0
0,0,0
0,0,0
0,0,0
0,0,0
0,0,0
0,0,0
0,0,0
0,0,0
0,0,0
0,0,0
0,0,0
0,0,0
0,0,0
0,0,0
0,0,0
0,0,0
0,0,0
0,0,0
0,0,0
0,0,0
0,0,0
0,0,0
0,0,0
0,0,0
0,0,0
0,0,0
0,0,0
0,0,0
0,0,0
0,0,0
0,0,0
0,0,0
0,0,0
0,0,0
0,0,0
0,0,0
0,0,0
0,0,0
0,0,0
0,0,0
0,0,0
0,0,0
0,0,0
0,0,0
0,0,0
0,0,0
0,0,0
0,0,0
0,0,0
0,0,0
0,0,0
0,0,0
0,0,0
0,0,0
0,0,0
0,0,0
0,0,0
0,0,0
0,0,0
0,0,0
0,0,0
0,0,0
0,0,0
0,0,0
0,0,0
0,0,0
0,0,0
0,0,0
0,0,0
0,0,0
0,0,0
0,0,0
0,0,0
0,0,0
0,0,0
0,0,0
0,0,0
0,0,0
0,0,0
0,0,0
0,0,0
0,0,0
0,0,0
0,0,0
0,0,0
0,0,0
0,0,0
0,0,0
0,0,0
0,0,0
0,0,0
0,0,0
0,0,0
0,0,0
0,0,0
0,0,0
0,0,0
0,0,0
0,0,0
0,0,0
0,0,0
0,0,0
0,0,0
0,0,0
0,0,0
0,0,0
0,0,0
0,0,0
0,0,0
0,0,0
0,0,0
0,0,0
0,0,0
0.00237479907478484,0.0103441433391969,-0.000563562955148297
0.00474959814956967,0.0206882866783938,-0.0011271259102966
0.00712439722435451,0.0310324300175908,-0.00169068886544489
0.00949919629913934,0.0413765733567877,-0.00225425182059319
0.0118739953739242,0.0517207166959846,-0.00281781477574149
0.014248794448709,0.0620648600351816,-0.00338137773088978
0.0166235935234939,0.0724090033743785,-0.00394494068603808
0.0189983925982787,0.0827531467135754,-0.00450850364118638
0.0213731916730635,0.0930972900527723,-0.00507206659633468
0.0237479907478484,0.103441433391969,-0.00563562955148297
0.0261227898226332,0.113785576731166,-0.00619919250663127
0.028497588897418,0.124129720070363,-0.00676275546177957
0.0308723879722029,0.13447386340956,-0.00732631841692787
0.0332471870469877,0.144818006748757,-0.00788988137207616
0.0356219861217725,0.155162150087954,-0.00845344432722446
0.0379967851965574,0.165506293427151,-0.00901700728237276
0.0403715842713422,0.175850436766348,-0.00958057023752106
0.0427463833461271,0.186194580105545,-0.0101441331926694
0.0451211824209119,0.196538723444742,-0.0107076961478177
0.0474959814956967,0.206882866783938,-0.011271259102966
0.0498707805704816,0.217227010123135,-0.0118348220581142
0.0522455796452664,0.227571153462332,-0.0123983850132625
0.0546203787200512,0.237915296801529,-0.0129619479684108
0.0569951777948361,0.248259440140726,-0.0135255109235591
0.0593699768696209,0.258603583479923,-0.0140890738787074
0.0617447759444057,0.26894772681912,-0.0146526368338557
0.0641195750191906,0.279291870158317,-0.015216199789004
0.0664943740939754,0.289636013497514,-0.0157797627441523
0.0688691731687603,0.299980156836711,-0.0163433256993006
0.0712439722435451,0.310324300175908,-0.0169068886544489
0.0736187713183299,0.320668443515105,-0.0174704516095972
0.0759935703931148,0.331012586854302,-0.0180340145647455
0.0783683694678996,0.341356730193499,-0.0185975775198938
0.0807431685426844,0.351700873532695,-0.0191611404750421
0.0831179676174693,0.362045016871892,-0.0197247034301904
0.0854927666922541,0.372389160211089,-0.0202882663853387
0.0878675657670389,0.382733303550286,-0.020851829340487
0.0902423648418238,0.393077446889483,-0.0214153922956353
0.0926171639166086,0.40342159022868,-0.0219789552507836
0.0949919629913935,0.413765733567877,-0.0225425182059319
0.0973667620661783,0.424109876907074,-0.0231060811610802
0.0997415611409631,0.434454020246271,-0.0236696441162285
0.102116360215748,0.444798163585468,-0.0242332070713768
0.104491159290533,0.455142306924665,-0.0247967700265251
0.106865958365318,0.465486450263862,-0.0253603329816734
0.109240757440102,0.475830593603059,-0.0259238959368217
0.111615556514887,0.486174736942256,-0.02648745889197
0.113990355589672,0.496518880281452,-0.0270510218471183
0.116365154664457,0.506863023620649,-0.0276145848022666
0.118739953739242,0.517207166959846,-0.0281781477574149
0.121114752814027,0.527551310299043,-0.0287417107125632
0.123489551888812,0.53789545363824,-0.0293052736677115
0.125864350963596,0.548239596977437,-0.0298688366228598
0.128239150038381,0.558583740316634,-0.0304323995780081
0.130613949113166,0.568927883655831,-0.0309959625331564
0.132988748187951,0.579272026995028,-0.0315595254883047
0.135363547262736,0.589616170334225,-0.032123088443453
0.137738346337521,0.599960313673422,-0.0326866513986013
0.140113145412305,0.610304457012619,-0.0332502143537496
0.14248794448709,0.620648600351816,-0.0338137773088978
0.144862743561875,0.630992743691013,-0.0343773402640461
0.147147787549262,0.64094663924615,-0.0351178966001902
0.148295933762935,0.645957396203207,-0.0381003690956145
0.149444079976609,0.650968153160264,-0.0410828415910387
0.150592226190283,0.655978910117321,-0.0440653140864629
0.151740372403957,0.660989667074377,-0.0470477865818871
0.152888518617631,0.666000424031434,-0.0500302590773114
0.154036664831305,0.671011180988491,-0.0530127315727356
0.155184811044979,0.676021937945548,-0.0559952040681598
0.156332957258652,0.681032694902605,-0.0589776765635841
0.157481103472326,0.686043451859661,-0.0619601490590083
0.158629249686,0.691054208816718,-0.0649426215544325
0.159777395899674,0.696064965773775,-0.0679250940498567
0.160925542113348,0.701075722730832,-0.070907566545281
0.162073688327022,0.706086479687888,-0.0738900390407052
0.163221834540696,0.711097236644945,-0.0768725115361294
0.164369980754369,0.716107993602002,-0.0798549840315536
0.165518126968043,0.721118750559059,-0.0828374565269779
0.166666273181717,0.726129507516115,-0.0858199290224021
0.167814419395391,0.731140264473172,-0.0888024015178263
0.168962565609065,0.736151021430229,-0.0917848740132505
0.170110711822739,0.741161778387286,-0.0947673465086748
0.171258858036413,0.746172535344342,-0.097749819004099
0.172407004250086,0.751183292301399,-0.100732291499523
0.17355515046376,0.756194049258456,-0.103714763994947
0.174703296677434,0.761204806215513,-0.106697236490372
0.175851442891108,0.766215563172569,-0.109679708985796
0.176999589104782,0.771226320129626,-0.11266218148122
0.178147735318456,0.776237077086683,-0.115644653976644
0.17929588153213,0.78124783404374,-0.118627126472069
0.180444027745804,0.786258591000797,-0.121609598967493
0.181592173959477,0.791269347957853,-0.124592071462917
0.182740320173151,0.79628010491491,-0.127574543958341
0.183888466386825,0.801290861871967,-0.130557016453765
0.185036612600499,0.806301618829023,-0.13353948894919
0.186184758814173,0.81131237578608,-0.136521961444614
0.187332905027847,0.816323132743137,-0.139504433940038
0.188481051241521,0.821333889700194,-0.142486906435462
0.189629197455194,0.826344646657251,-0.145469378930887
0.190777343668868,0.831355403614307,-0.148451851426311
0.191925489882542,0.836366160571364,-0.151434323921735
0.193073636096216,0.841376917528421,-0.154416796417159
0.19422178230989,0.846387674485478,-0.157399268912584
0.195369928523564,0.851398431442534,-0.160381741408008
0.196518074737238,0.856409188399591,-0.163364213903432
0.197666220950911,0.861419945356648,-0.166346686398856
0.198814367164585,0.866430702313705,-0.16932915889428
0.199962513378259,0.871441459270761,-0.172311631389705
0.201110659591933,0.876452216227818,-0.175294103885129
0.202258805805607,0.881462973184875,-0.178276576380553
0.203406952019281,0.886473730141932,-0.181259048875977
0.204555098232955,0.891484487098989,-0.184241521371402
0.205703244446628,0.896495244056045,-0.187223993866826
0.206851390660302,0.901506001013102,-0.19020646636225
0.207999536873976,0.906516757970159,-0.193188938857674
0.20914768308765,0.911527514927216,-0.196171411353098
0.210295829301324,0.916538271884273,-0.199153883848523
0.211443975514998,0.921549028841329,-0.202136356343947
0.212592121728672,0.926559785798386,-0.205118828839371
0.213740267942346,0.931570542755443,-0.208101301334795
0.214888414156019,0.936581299712499,-0.21108377383022
0.216036560369693,0.941592056669556,-0.214066246325644
0.217184706583367,0.946602813626613,-0.217048718821068
0.218180561532839,0.950850460040095,-0.219697106143958
0.218288050774469,0.950646628282727,-0.22039666329373
0.218395540016099,0.950442796525358,-0.221096220443501
0.218503029257728,0.95023896476799,-0.221795777593273
0.218610518499358,0.950035133010621,-0.222495334743045
0.218718007740988,0.949831301253253,-0.223194891892817
0.218825496982618,0.949627469495884,-0.223894449042588
0.218932986224247,0.949423637738515,-0.22459400619236
0.219040475465877,0.949219805981147,-0.225293563342132
0.219147964707507,0.949015974223778,-0.225993120491904
0.219255453949136,0.94881214246641,-0.226692677641675
0.219362943190766,0.948608310709041,-0.227392234791447
0.219470432432396,0.948404478951673,-0.228091791941219
0.219577921674026,0.948200647194304,-0.228791349090991
0.219685410915655,0.947996815436935,-0.229490906240763
0.219792900157285,0.947792983679567,-0.230190463390534
0.219900389398915,0.947589151922198,-0.230890020540306
0.220007878640544,0.94738532016483,-0.231589577690078
0.220115367882174,0.947181488407461,-0.23228913483985
0.220222857123804,0.946977656650093,-0.232988691989621
0.220330346365433,0.946773824892724,-0.233688249139393
0.220437835607063,0.946569993135356,-0.234387806289165
0.220545324848693,0.946366161377987,-0.235087363438937
0.220652814090323,0.946162329620618,-0.235786920588709
0.220760303331952,0.94595849786325,-0.23648647773848
0.220867792573582,0.945754666105881,-0.237186034888252
0.220975281815212,0.945550834348513,-0.237885592038024
0.221082771056841,0.945347002591144,-0.238585149187796
0.221190260298471,0.945143170833775,-0.239284706337567
0.221297749540101,0.944939339076407,-0.239984263487339
0.221405238781731,0.944735507319038,-0.240683820637111
0.22151272802336,0.94453167556167,-0.241383377786883
0.22162021726499,0.944327843804301,-0.242082934936654
0.22172770650662,0.944124012046933,-0.242782492086426
0.221835195748249,0.943920180289564,-0.243482049236198
0.221942684989879,0.943716348532196,-0.24418160638597
0.222050174231509,0.943512516774827,-0.244881163535742
0.222157663473138,0.943308685017458,-0.245580720685513
0.222265152714768,0.94310485326009,-0.246280277835285
0.222372641956398,0.942901021502721,-0.246979834985057
0.222480131198028,0.942697189745353,-0.247679392134829
0.222587620439657,0.942493357987984,-0.2483789492846
0.222695109681287,0.942289526230616,-0.249078506434372
0.222802598922917,0.942085694473247,-0.249778063584144
0.222910088164546,0.941881862715879,-0.250477620733916
0.223017577406176,0.94167803095851,-0.251177177883688
0.223125066647806,0.941474199201141,-0.251876735033459
0.223232555889436,0.941270367443773,-0.252576292183231
0.223340045131065,0.941066535686404,-0.253275849333003
0.223447534372695,0.940862703929036,-0.253975406482775
0.223555023614325,0.940658872171667,-0.254674963632546
0.223662512855954,0.940455040414299,-0.255374520782318
0.223770002097584,0.94025120865693,-0.25607407793209
0.223877491339214,0.940047376899562,-0.256773635081862
0.223984980580843,0.939843545142193,-0.257473192231633
0.224092469822473,0.939639713384824,-0.258172749381405
0.224199959064103,0.939435881627456,-0.258872306531177
0.224307448305733,0.939232049870087,-0.259571863680949
0.224414937547362,0.939028218112719,-0.26027142083072
0.224522426788992,0.93882438635535,-0.260970977980492
0.224629916030622,0.938620554597981,-0.261670535130264
0.224737405272251,0.938416722840613,-0.262370092280036
0.224846887049735,0.938201390649916,-0.263078633034121
0.224963453399144,0.937945168029609,-0.263819115492433
0.225080019748554,0.937688945409302,-0.264559597950744
0.225196586097963,0.937432722788995,-0.265300080409056
0.225313152447372,0.937176500168688,-0.266040562867367
0.225429718796782,0.936920277548381,-0.266781045325678
0.225546285146191,0.936664054928074,-0.26752152778399
0.2256628514956,0.936407832307767,-0.268262010242301
0.225779417845009,0.93615160968746,-0.269002492700613
0.225895984194419,0.935895387067152,-0.269742975158924
0.226012550543828,0.935639164446845,-0.270483457617236
0.226129116893237,0.935382941826538,-0.271223940075547
0.226245683242647,0.935126719206231,-0.271964422533859
0.226362249592056,0.934870496585924,-0.27270490499217
0.226478815941465,0.934614273965617,-0.273445387450482
0.226595382290874,0.93435805134531,-0.274185869908793
0.226711948640284,0.934101828725003,-0.274926352367104
0.226828514989693,0.933845606104696,-0.275666834825416
0.226945081339102,0.933589383484388,-0.276407317283727
0.227061647688512,0.933333160864081,-0.277147799742039
0.227178214037921,0.933076938243774,-0.27788828220035
0.22729478038733,0.932820715623467,-0.278628764658662
0.227411346736739,0.93256449300316,-0.279369247116973
0.227527913086149,0.932308270382853,-0.280109729575285
0.227644479435558,0.932052047762546,-0.280850212033596
0.227761045784967,0.931795825142239,-0.281590694491908
0.227877612134377,0.931539602521931,-0.282331176950219
0.227994178483786,0.931283379901624,-0.28307165940853
0.228110744833195,0.931027157281317,-0.283812141866842
0.228227311182604,0.93077093466101,-0.284552624325153
0.228343877532014,0.930514712040703,-0.285293106783465
0.228460443881423,0.930258489420396,-0.286033589241776
0.228577010230832,0.930002266800089,-0.286774071700088
0.228693576580242,0.929746044179782,-0.287514554158399
0.228810142929651,0.929489821559475,-0.288255036616711
0.22892670927906,0.929233598939168,-0.288995519075022
0.229043275628469,0.928977376318861,-0.289736001533334
0.229159841977879,0.928721153698553,-0.290476483991645
0.229276408327288,0.928464931078246,-0.291216966449956
0.229392974676697,0.928208708457939,-0.291957448908268
0.229509541026107,0.927952485837632,-0.292697931366579
0.229626107375516,0.927696263217325,-0.293438413824891
0.229742673724925,0.927440040597018,-0.294178896283202
0.229859240074334,0.927183817976711,-0.294919378741514
0.229975806423744,0.926927595356404,-0.295659861199825
0.230092372773153,0.926671372736097,-0.296400343658137
0.230208939122562,0.926415150115789,-0.297140826116448
0.230325505471972,0.926158927495482,-0.297881308574759
0.230442071821381,0.925902704875175,-0.298621791033071
0.23055863817079,0.925646482254868,-0.299362273491382
0.230675204520199,0.925390259634561,-0.300102755949694
0.230791770869609,0.925134037014254,-0.300843238408005
0.230908337219018,0.924877814393947,-0.301583720866317
0.231024903568427,0.92462159177364,-0.302324203324628
0.231141469917837,0.924365369153333,-0.30306468578294
0.231258036267246,0.924109146533025,-0.303805168241251
0.231374602616655,0.923852923912718,-0.304545650699563
0.231491168966064,0.923596701292411,-0.305286133157874
0.231607735315474,0.923340478672104,-0.306026615616185
0.231724301664883,0.923084256051797,-0.306767098074497
0.231840868014292,0.92282803343149,-0.307507580532808
0.231957434363702,0.922571810811183,-0.30824806299112
0.232076937022431,0.922295779917079,-0.309004998021635
0.232203535762017,0.921971879027969,-0.309801693434977
0.232330134501604,0.921647978138858,-0.310598388848318
0.23245673324119,0.921324077249747,-0.31139508426166
0.232583331980777,0.921000176360636,-0.312191779675001
0.232709930720363,0.920676275471525,-0.312988475088343
0.23283652945995,0.920352374582415,-0.313785170501685
0.232963128199536,0.920028473693304,-0.314581865915026
0.233089726939123,0.919704572804193,-0.315378561328368
0.233216325678709,0.919380671915082,-0.316175256741709
0.233342924418296,0.919056771025971,-0.316971952155051
0.233469523157882,0.91873287013686,-0.317768647568392
0.233596121897469,0.91840896924775,-0.318565342981734
0.233722720637055,0.918085068358639,-0.319362038395076
0.233849319376642,0.917761167469528,-0.320158733808417
0.233975918116228,0.917437266580417,-0.320955429221759
0.234102516855814,0.917113365691306,-0.3217521246351
0.234229115595401,0.916789464802196,-0.322548820048442
0.234355714334987,0.916465563913085,-0.323345515461783
0.234482313074574,0.916141663023974,-0.324142210875125
0.23460891181416,0.915817762134863,-0.324938906288467
0.234735510553747,0.915493861245752,-0.325735601701808
0.234862109293333,0.915169960356641,-0.32653229711515
0.23498870803292,0.914846059467531,-0.327328992528491
0.235115306772506,0.91452215857842,-0.328125687941833
0.235241905512093,0.914198257689309,-0.328922383355174
0.235368504251679,0.913874356800198,-0.329719078768516
0.235495102991266,0.913550455911087,-0.330515774181857
0.235621701730852,0.913226555021976,-0.331312469595199
0.235748300470438,0.912902654132866,-0.332109165008541
0.235874899210025,0.912578753243755,-0.332905860421882
0.236001497949611,0.912254852354644,-0.333702555835224
0.236128096689198,0.911930951465533,-0.334499251248565
0.236254695428784,0.911607050576422,-0.335295946661907
0.236381294168371,0.911283149687312,-0.336092642075248
0.236507892907957,0.910959248798201,-0.33688933748859
0.236634491647544,0.91063534790909,-0.337686032901932
0.23676109038713,0.910311447019979,-0.338482728315273
0.236887689126717,0.909987546130868,-0.339279423728615
0.237014287866303,0.909663645241757,-0.340076119141956
0.23714088660589,0.909339744352647,-0.340872814555298
0.237267485345476,0.909015843463536,-0.341669509968639
0.237394084085063,0.908691942574425,-0.342466205381981
0.237520682824649,0.908368041685314,-0.343262900795323
0.237647281564235,0.908044140796203,-0.344059596208664
0.237773880303822,0.907720239907092,-0.344856291622006
0.237900479043408,0.907396339017982,-0.345652987035347
0.238027077782995,0.907072438128871,-0.346449682448689
0.238153676522581,0.90674853723976,-0.34724637786203
0.238280275262168,0.906424636350649,-0.348043073275372
0.238406874001754,0.906100735461538,-0.348839768688714
0.238533472741341,0.905776834572428,-0.349636464102055
0.238660071480927,0.905452933683317,-0.350433159515397
0.238786670220514,0.905129032794206,-0.351229854928738
0.2389132689601,0.904805131905095,-0.35202655034208
0.239039867699687,0.904481231015984,-0.352823245755421
0.239166466439273,0.904157330126873,-0.353619941168763
0.239293065178859,0.903833429237763,-0.354416636582104
0.239419663918446,0.903509528348652,-0.355213331995446
0.239546262658032,0.903185627459541,-0.356010027408788
0.239672861397619,0.90286172657043,-0.356806722822129
0.239799460137205,0.902537825681319,-0.357603418235471
0.239929670897137,0.902179958948051,-0.358429068794115
0.240066142492334,0.901763218084909,-0.359304908271285
0.240202614087531,0.901346477221767,-0.360180747748454
0.240339085682728,0.900929736358625,-0.361056587225624
0.240475557277925,0.900512995495483,-0.361932426702793
0.240612028873122,0.900096254632341,-0.362808266179962
0.240748500468319,0.899679513769199,-0.363684105657132
0.240884972063516,0.899262772906057,-0.364559945134301
0.241021443658713,0.898846032042915,-0.365435784611471
0.24115791525391,0.898429291179773,-0.36631162408864
0.241294386849107,0.898012550316631,-0.36718746356581
0.241430858444304,0.897595809453489,-0.368063303042979
0.241567330039501,0.897179068590347,-0.368939142520149
0.241703801634698,0.896762327727205,-0.369814981997318
0.241840273229895,0.896345586864063,-0.370690821474488
0.241976744825092,0.895928846000921,-0.371566660951657
0.242113216420289,0.895512105137779,-0.372442500428827
0.242249688015486,0.895095364274637,-0.373318339905996
0.242386159610683,0.894678623411495,-0.374194179383165
0.24252263120588,0.894261882548353,-0.375070018860335
0.242659102801077,0.893845141685211,-0.375945858337504
0.242795574396274,0.893428400822069,-0.376821697814674
0.242932045991471,0.893011659958927,-0.377697537291843
0.243068517586668,0.892594919095785,-0.378573376769013
0.243204989181865,0.892178178232643,-0.379449216246182
0.243341460777062,0.891761437369501,-0.380325055723352
0.243477932372259,0.891344696506359,-0.381200895200521
0.243614403967456,0.890927955643217,-0.382076734677691
0.243750875562653,0.890511214780075,-0.38295257415486
0.24388734715785,0.890094473916933,-0.38382841363203
0.244023818753047,0.889677733053791,-0.384704253109199
0.244160290348244,0.889260992190649,-0.385580092586369
0.244296761943441,0.888844251327507,-0.386455932063538
0.244433233538638,0.888427510464365,-0.387331771540707
0.244569705133834,0.888010769601223,-0.388207611017877
0.244706176729031,0.887594028738081,-0.389083450495046
0.244842648324228,0.887177287874939,-0.389959289972216
0.244979119919425,0.886760547011797,-0.390835129449385
0.245115591514622,0.886343806148655,-0.391710968926555
0.245252063109819,0.885927065285513,-0.392586808403724
0.245388534705016,0.885510324422371,-0.393462647880894
0.245525006300213,0.885093583559229,-0.394338487358063
0.24566147789541,0.884676842696087,-0.395214326835233
0.245797949490607,0.884260101832945,-0.396090166312402
0.245934421085804,0.883843360969803,-0.396966005789571
0.246070892681001,0.883426620106661,-0.397841845266741
0.246207364276198,0.883009879243519,-0.39871768474391
0.246343835871395,0.882593138380377,-0.39959352422108
0.246480307466592,0.882176397517235,-0.400469363698249
0.246616779061789,0.881759656654093,-0.401345203175419
0.246753250656986,0.881342915790951,-0.402221042652588
0.246889722252183,0.880926174927809,-0.403096882129758
0.24702619384738,0.880509434064667,-0.403972721606927
0.247162665442577,0.880092693201525,-0.404848561084097
0.247299137037774,0.879675952338383,-0.405724400561266
0.247435608632971,0.879259211475241,-0.406600240038436
0.247572080228168,0.878842470612099,-0.407476079515605
0.247708551823365,0.878425729748957,-0.408351918992775
0.247845023418562,0.878008988885815,-0.409227758469944
0.247981495013759,0.877592248022673,-0.410103597947114
0.248117966608956,0.877175507159531,-0.410979437424283
0.248254438204153,0.876758766296389,-0.411855276901452
0.24839440554486,0.876281831549959,-0.412782012219033
0.248538839671498,0.875727982397105,-0.413773781110471
0.248683273798136,0.875174133244252,-0.41476555000191
0.248827707924773,0.874620284091398,-0.415757318893348
0.248972142051411,0.874066434938544,-0.416749087784787
0.249116576178048,0.87351258578569,-0.417740856676226
0.249261010304686,0.872958736632836,-0.418732625567664
0.249405444431324,0.872404887479982,-0.419724394459103
0.249549878557961,0.871851038327129,-0.420716163350541
0.249694312684599,0.871297189174275,-0.42170793224198
0.249838746811236,0.870743340021421,-0.422699701133419
0.249983180937874,0.870189490868567,-0.423691470024857
0.250127615064512,0.869635641715713,-0.424683238916296
0.250272049191149,0.869081792562859,-0.425675007807734
0.250416483317787,0.868527943410006,-0.426666776699173
0.250560917444424,0.867974094257152,-0.427658545590611
0.250705351571062,0.867420245104298,-0.42865031448205
0.250849785697699,0.866866395951444,-0.429642083373489
0.250994219824337,0.86631254679859,-0.430633852264927
0.251138653950975,0.865758697645736,-0.431625621156366
0.251283088077612,0.865204848492883,-0.432617390047804
0.25142752220425,0.864650999340029,-0.433609158939243
0.251571956330887,0.864097150187175,-0.434600927830681
0.251716390457525,0.863543301034321,-0.43559269672212
0.251860824584163,0.862989451881467,-0.436584465613559
0.2520052587108,0.862435602728613,-0.437576234504997
0.252149692837438,0.86188175357576,-0.438568003396436
0.252294126964075,0.861327904422906,-0.439559772287874
0.252438561090713,0.860774055270052,-0.440551541179313
0.252582995217351,0.860220206117198,-0.441543310070752
0.252727429343988,0.859666356964344,-0.44253507896219
0.252871863470626,0.85911250781149,-0.443526847853629
0.253016297597263,0.858558658658636,-0.444518616745067
0.253160731723901,0.858004809505783,-0.445510385636506
0.253305165850539,0.857450960352929,-0.446502154527945
0.253449599977176,0.856897111200075,-0.447493923419383
0.253594034103814,0.856343262047221,-0.448485692310822
0.253738468230451,0.855789412894367,-0.44947746120226
0.253882902357089,0.855235563741513,-0.450469230093699
0.254027336483726,0.85468171458866,-0.451460998985137
0.254171770610364,0.854127865435806,-0.452452767876576
0.254316204737002,0.853574016282952,-0.453444536768015
0.254460638863639,0.853020167130098,-0.454436305659453
0.254605072990277,0.852466317977244,-0.455428074550892
0.254749507116914,0.85191246882439,-0.45641984344233
0.254893941243552,0.851358619671537,-0.457411612333769
0.25503837537019,0.850804770518683,-0.458403381225207
0.255182809496827,0.850250921365829,-0.459395150116646
0.255327243623465,0.849697072212975,-0.460386919008085
0.255471677750102,0.849143223060121,-0.461378687899523
0.25561611187674,0.848589373907267,-0.462370456790962
0.255760546003378,0.848035524754414,-0.4633622256824
0.255904980130015,0.84748167560156,-0.464353994573839
0.256049414256653,0.846927826448706,-0.465345763465278
0.25619384838329,0.846373977295852,-0.466337532356716
0.256338282509928,0.845820128142998,-0.467329301248155
0.256482716636566,0.845266278990144,-0.468321070139593
0.256627150763203,0.844712429837291,-0.469312839031032
0.256771584889841,0.844158580684437,-0.47030460792247
0.256916019016478,0.843604731531583,-0.471296376813909
0.257060453143116,0.843050882378729,-0.472288145705348
0.257204887269753,0.842497033225875,-0.473279914596786
0.257349565795389,0.841828913306477,-0.474363850626996
0.257494477081975,0.841051964085607,-0.475535564884608
0.257639388368561,0.840275014864737,-0.47670727914222
0.257784299655146,0.839498065643867,-0.477878993399832
0.257929210941732,0.838721116422997,-0.479050707657443
0.258074122228318,0.837944167202127,-0.480222421915055
0.258219033514904,0.837167217981257,-0.481394136172667
0.25836394480149,0.836390268760387,-0.482565850430279
0.258508856088076,0.835613319539517,-0.483737564687891
0.258653767374661,0.834836370318647,-0.484909278945502
0.258798678661247,0.834059421097777,-0.486080993203114
0.258943589947833,0.833282471876907,-0.487252707460726
0.259088501234419,0.832505522656037,-0.488424421718338
0.259233412521005,0.831728573435167,-0.489596135975949
0.25937832380759,0.830951624214297,-0.490767850233561
0.259523235094176,0.830174674993427,-0.491939564491173
0.259668146380762,0.829397725772557,-0.493111278748785
0.259813057667348,0.828620776551687,-0.494282993006396
0.259957968953934,0.827843827330818,-0.495454707264008
0.26010288024052,0.827066878109948,-0.49662642152162
0.260247791527105,0.826289928889078,-0.497798135779232
0.260392702813691,0.825512979668208,-0.498969850036843
0.260537614100277,0.824736030447338,-0.500141564294455
0.260682525386863,0.823959081226468,-0.501313278552067
0.260827436673449,0.823182132005598,-0.502484992809679
0.260972347960035,0.822405182784728,-0.50365670706729
0.26111725924662,0.821628233563858,-0.504828421324902
0.261262170533206,0.820851284342988,-0.506000135582514
0.261407081819792,0.820074335122118,-0.507171849840126
0.261551993106378,0.819297385901248,-0.508343564097738
0.261696904392964,0.818520436680378,-0.509515278355349
0.261841815679549,0.817743487459508,-0.510686992612961
0.261986726966135,0.816966538238638,-0.511858706870573
0.262131638252721,0.816189589017768,-0.513030421128185
0.262276549539307,0.815412639796898,-0.514202135385796
0.262421460825893,0.814635690576029,-0.515373849643408
0.262566372112479,0.813858741355159,-0.51654556390102
0.262711283399064,0.813081792134289,-0.517717278158632
0.26285619468565,0.812304842913419,-0.518888992416243
0.263001105972236,0.811527893692549,-0.520060706673855
0.263146017258822,0.810750944471679,-0.521232420931467
0.263290928545408,0.809973995250809,-0.522404135189079
0.263435839831994,0.809197046029939,-0.52357584944669
0.263580751118579,0.808420096809069,-0.524747563704302
0.263725662405165,0.807643147588199,-0.525919277961914
0.263870573691751,0.806866198367329,-0.527090992219526
0.264015484978337,0.806089249146459,-0.528262706477138
0.264160396264923,0.805312299925589,-0.529434420734749
0.264305307551508,0.804535350704719,-0.530606134992361
0.264450218838094,0.803758401483849,-0.531777849249973
0.26459513012468,0.802981452262979,-0.532949563507585
0.264740041411266,0.802204503042109,-0.534121277765196
0.264884952697852,0.80142755382124,-0.535292992022808
0.265029863984438,0.80065060460037,-0.53646470628042
0.265174775271023,0.7998736553795,-0.537636420538032
0.265319686557609,0.79909670615863,-0.538808134795643
0.265464597844195,0.79831975693776,-0.539979849053255
0.265609509130781,0.79754280771689,-0.541151563310867
0.265754420417367,0.79676585849602,-0.542323277568479
0.265899331703953,0.79598890927515,-0.543494991826091
0.266044242990538,0.79521196005428,-0.544666706083702
0.266189154277124,0.79443501083341,-0.545838420341314
0.266319617341475,0.793413743323912,-0.54718649880348
0.266439846248409,0.792219417026636,-0.548659501910538
0.266560075155343,0.79102509072936,-0.550132505017596
0.266680304062278,0.789830764432083,-0.551605508124654
0.266800532969212,0.788636438134807,-0.553078511231712
0.266920761876146,0.787442111837531,-0.55455151433877
0.26704099078308,0.786247785540255,-0.556024517445829
0.267161219690014,0.785053459242978,-0.557497520552887
0.267281448596949,0.783859132945702,-0.558970523659945
0.267401677503883,0.782664806648426,-0.560443526767003
0.267521906410817,0.78147048035115,-0.561916529874061
0.267642135317751,0.780276154053874,-0.563389532981119
0.267762364224685,0.779081827756597,-0.564862536088177
0.26788259313162,0.777887501459321,-0.566335539195236
0.268002822038554,0.776693175162045,-0.567808542302294
0.268123050945488,0.775498848864769,-0.569281545409352
0.268243279852422,0.774304522567492,-0.57075454851641
0.268363508759356,0.773110196270216,-0.572227551623468
0.268483737666291,0.77191586997294,-0.573700554730527
0.268603966573225,0.770721543675664,-0.575173557837585
0.268724195480159,0.769527217378387,-0.576646560944643
0.268844424387093,0.768332891081111,-0.578119564051701
0.268964653294027,0.767138564783835,-0.579592567158759
0.269084882200962,0.765944238486559,-0.581065570265817
0.269205111107896,0.764749912189283,-0.582538573372875
0.26932534001483,0.763555585892006,-0.584011576479934
0.269445568921764,0.76236125959473,-0.585484579586992
0.269565797828698,0.761166933297454,-0.58695758269405
0.269686026735633,0.759972607000178,-0.588430585801108
0.269806255642567,0.758778280702901,-0.589903588908166
0.269926484549501,0.757583954405625,-0.591376592015224
0.270046713456435,0.756389628108349,-0.592849595122283
0.270166942363369,0.755195301811073,-0.594322598229341
0.270287171270304,0.754000975513797,-0.595795601336399
0.270407400177238,0.75280664921652,-0.597268604443457
0.270527629084172,0.751612322919244,-0.598741607550515
0.270647857991106,0.750417996621968,-0.600214610657573
0.270768086898041,0.749223670324692,-0.601687613764632
0.270888315804975,0.748029344027415,-0.60316061687169
0.271008544711909,0.746835017730139,-0.604633619978748
0.271128773618843,0.745640691432863,-0.606106623085806
0.271249002525777,0.744446365135587,-0.607579626192864
0.271369231432712,0.74325203883831,-0.609052629299922
0.271489460339646,0.742057712541034,-0.61052563240698
0.27160968924658,0.740863386243758,-0.611998635514039
0.271729918153514,0.739669059946482,-0.613471638621097
0.271850147060448,0.738474733649206,-0.614944641728155
0.271970375967383,0.737280407351929,-0.616417644835213
0.272090604874317,0.736086081054653,-0.617890647942271
0.272210833781251,0.734891754757377,-0.619363651049329
0.272331062688185,0.733697428460101,-0.620836654156388
0.272451291595119,0.732503102162825,-0.622309657263446
0.272571520502054,0.731308775865548,-0.623782660370504
0.272691749408988,0.730114449568272,-0.625255663477562
0.272811978315922,0.728920123270996,-0.62672866658462
0.272932207222856,0.72772579697372,-0.628201669691678
0.27305243612979,0.726531470676443,-0.629674672798736
0.273172665036725,0.725337144379167,-0.631147675905795
0.273292893943659,0.724142818081891,-0.632620679012853
0.273413122850593,0.722948491784615,-0.634093682119911
0.273533351757527,0.721754165487338,-0.635566685226969
0.273653580664461,0.720559839190062,-0.637039688334027
0.273697780513444,0.718761788948919,-0.638844177614004
0.273702557887933,0.716650696662807,-0.640820548613271
0.273707335262422,0.714539604376695,-0.642796919612539
0.273712112636912,0.712428512090583,-0.644773290611806
0.273716890011401,0.710317419804472,-0.646749661611074
0.27372166738589,0.70820632751836,-0.648726032610341
0.273726444760379,0.706095235232248,-0.650702403609609
0.273731222134868,0.703984142946136,-0.652678774608876
0.273735999509358,0.701873050660024,-0.654655145608144
0.273740776883847,0.699761958373912,-0.656631516607411
0.273745554258336,0.697650866087801,-0.658607887606679
0.273750331632825,0.695539773801689,-0.660584258605946
0.273755109007314,0.693428681515577,-0.662560629605214
0.273759886381804,0.691317589229465,-0.664537000604481
0.273764663756293,0.689206496943353,-0.666513371603749
0.273769441130782,0.687095404657242,-0.668489742603016
0.273774218505271,0.68498431237113,-0.670466113602284
0.27377899587976,0.682873220085018,-0.672442484601551
0.27378377325425,0.680762127798906,-0.674418855600819
0.273788550628739,0.678651035512794,-0.676395226600086
0.273793328003228,0.676539943226683,-0.678371597599354
0.273798105377717,0.674428850940571,-0.680347968598621
0.273802882752206,0.672317758654459,-0.682324339597889
0.273807660126696,0.670206666368347,-0.684300710597156
0.273812437501185,0.668095574082236,-0.686277081596424
0.273817214875674,0.665984481796124,-0.688253452595691
0.273821992250163,0.663873389510012,-0.690229823594959
0.273826769624652,0.6617622972239,-0.692206194594226
0.273831546999142,0.659651204937788,-0.694182565593494
0.273836324373631,0.657540112651677,-0.696158936592761
0.27384110174812,0.655429020365565,-0.698135307592029
0.273845879122609,0.653317928079453,-0.700111678591296
0.273850656497098,0.651206835793341,-0.702088049590564
0.273855433871587,0.649095743507229,-0.704064420589832
0.273860211246077,0.646984651221118,-0.706040791589099
0.273864988620566,0.644873558935006,-0.708017162588367
0.273869765995055,0.642762466648894,-0.709993533587634
0.273874543369544,0.640651374362782,-0.711969904586901
0.273879320744033,0.63854028207667,-0.713946275586169
0.273884098118523,0.636429189790559,-0.715922646585436
0.273888875493012,0.634318097504447,-0.717899017584704
0.273893652867501,0.632207005218335,-0.719875388583972
0.27389843024199,0.630095912932223,-0.721851759583239
0.273903207616479,0.627984820646111,-0.723828130582507
0.273907984990969,0.62587372836,-0.725804501581774
0.273912762365458,0.623762636073888,-0.727780872581042
0.273917539739947,0.621651543787776,-0.729757243580309
0.273922317114436,0.619540451501664,-0.731733614579577
0.273927094488925,0.617429359215553,-0.733709985578844
0.273931871863415,0.615318266929441,-0.735686356578112
0.273936649237904,0.613207174643329,-0.737662727577379
0.273941426612393,0.611096082357217,-0.739639098576647
0.273946203986882,0.608984990071105,-0.741615469575914
0.273950981361371,0.606873897784994,-0.743591840575182
0.273955758735861,0.604762805498882,-0.745568211574449
0.27396053611035,0.60265171321277,-0.747544582573717
0.273965313484839,0.600540620926658,-0.749520953572984
0.273970090859328,0.598429528640546,-0.751497324572252
0.273974868233817,0.596318436354435,-0.753473695571519
0.273979645608307,0.594207344068323,-0.755450066570787
0.273984422982796,0.592096251782211,-0.757426437570054
0.273989200357285,0.589985159496099,-0.759402808569322
0.273769094736006,0.586802436146693,-0.761518421324279
0.27346653201628,0.583226781407414,-0.763685089389655
0.273163969296553,0.579651126668134,-0.765851757455032
0.272861406576826,0.576075471928853,-0.768018425520408
0.2725588438571,0.572499817189574,-0.770185093585785
0.272256281137373,0.568924162450293,-0.772351761651161
0.271953718417646,0.565348507711014,-0.774518429716538
0.271651155697919,0.561772852971734,-0.776685097781914
0.271348592978193,0.558197198232454,-0.778851765847291
0.271046030258466,0.554621543493174,-0.781018433912667
0.270743467538739,0.551045888753894,-0.783185101978043
0.270440904819012,0.547470234014614,-0.78535177004342
0.270138342099286,0.543894579275334,-0.787518438108796
0.269835779379559,0.540318924536054,-0.789685106174173
0.269533216659832,0.536743269796774,-0.791851774239549
0.269230653940106,0.533167615057494,-0.794018442304926
0.268928091220379,0.529591960318214,-0.796185110370302
0.268625528500652,0.526016305578934,-0.798351778435679
0.268322965780925,0.522440650839654,-0.800518446501055
0.268020403061199,0.518864996100374,-0.802685114566432
0.267717840341472,0.515289341361094,-0.804851782631808
0.267415277621745,0.511713686621814,-0.807018450697185
0.267112714902019,0.508138031882534,-0.809185118762561
0.266810152182292,0.504562377143254,-0.811351786827938
0.266507589462565,0.500986722403974,-0.813518454893314
0.266205026742838,0.497411067664694,-0.815685122958691
0.265902464023112,0.493835412925414,-0.817851791024067
0.265599901303385,0.490259758186134,-0.820018459089444
0.265297338583658,0.486684103446854,-0.82218512715482
0.264994775863931,0.483108448707574,-0.824351795220196
0.264692213144205,0.479532793968294,-0.826518463285573
0.264389650424478,0.475957139229014,-0.828685131350949
0.264087087704751,0.472381484489734,-0.830851799416326
0.263784524985025,0.468805829750454,-0.833018467481702
0.263481962265298,0.465230175011174,-0.835185135547079
0.263179399545571,0.461654520271894,-0.837351803612455
0.262876836825844,0.458078865532614,-0.839518471677832
0.262574274106118,0.454503210793334,-0.841685139743208
0.262271711386391,0.450927556054054,-0.843851807808585
0.261969148666664,0.447351901314774,-0.846018475873961
0.261666585946937,0.443776246575494,-0.848185143939338
0.261364023227211,0.440200591836214,-0.850351812004714
0.261061460507484,0.436624937096934,-0.852518480070091
0.260758897787757,0.433049282357654,-0.854685148135467
0.260456335068031,0.429473627618374,-0.856851816200843
0.260153772348304,0.425897972879094,-0.85901848426622
0.259851209628577,0.422322318139814,-0.861185152331596
0.25954864690885,0.418746663400534,-0.863351820396973
0.259246084189124,0.415171008661254,-0.865518488462349
0.258943521469397,0.411595353921974,-0.867685156527726
0.25864095874967,0.408019699182694,-0.869851824593103
0.258338396029944,0.404444044443414,-0.872018492658479
0.258035833310217,0.400868389704135,-0.874185160723855
0.25773327059049,0.397292734964854,-0.876351828789232
0.257430707870763,0.393717080225574,-0.878518496854608
0.257128145151037,0.390141425486295,-0.880685164919985
0.25682558243131,0.386565770747014,-0.882851832985361
0.256523019711583,0.382990116007735,-0.885018501050738
0.256220456991856,0.379414461268454,-0.887185169116114
0.25591789427213,0.375838806529175,-0.889351837181491
0.255615331552403,0.372263151789895,-0.891518505246867
0.255312768832676,0.368687497050614,-0.893685173312244
0.254914333796632,0.365195922979035,-0.894981043504983
0.254492656986936,0.361724732099625,-0.896065811183143
0.254070980177239,0.358253541220215,-0.897150578861304
0.253649303367542,0.354782350340806,-0.898235346539464
0.253227626557846,0.351311159461396,-0.899320114217625
0.252805949748149,0.347839968581986,-0.900404881895786
0.252384272938452,0.344368777702577,-0.901489649573946
0.251962596128756,0.340897586823167,-0.902574417252107
0.251540919319059,0.337426395943757,-0.903659184930267
0.251119242509362,0.333955205064348,-0.904743952608428
0.250697565699666,0.330484014184938,-0.905828720286588
0.250275888889969,0.327012823305528,-0.906913487964749
0.249854212080272,0.323541632426118,-0.907998255642909
0.249432535270576,0.320070441546709,-0.90908302332107
0.249010858460879,0.316599250667299,-0.91016779099923
0.248589181651183,0.313128059787889,-0.911252558677391
0.248167504841486,0.309656868908479,-0.912337326355551
0.247745828031789,0.30618567802907,-0.913422094033712
0.247324151222093,0.30271448714966,-0.914506861711872
0.246902474412396,0.29924329627025,-0.915591629390033
0.246480797602699,0.29577210539084,-0.916676397068193
0.246059120793003,0.292300914511431,-0.917761164746354
0.245637443983306,0.288829723632021,-0.918845932424514
0.245215767173609,0.285358532752611,-0.919930700102675
0.244794090363913,0.281887341873202,-0.921015467780835
0.244372413554216,0.278416150993792,-0.922100235458996
0.243950736744519,0.274944960114382,-0.923185003137156
0.243529059934823,0.271473769234972,-0.924269770815317
0.243107383125126,0.268002578355562,-0.925354538493478
0.242685706315429,0.264531387476153,-0.926439306171638
0.242264029505733,0.261060196596743,-0.927524073849799
0.241842352696036,0.257589005717333,-0.928608841527959
0.241420675886339,0.254117814837924,-0.92969360920612
0.240998999076643,0.250646623958514,-0.93077837688428
0.240577322266946,0.247175433079104,-0.931863144562441
0.240155645457249,0.243704242199695,-0.932947912240601
0.239733968647553,0.240233051320285,-0.934032679918762
0.239312291837856,0.236761860440875,-0.935117447596922
0.23889061502816,0.233290669561466,-0.936202215275083
0.238468938218463,0.229819478682056,-0.937286982953243
0.238047261408766,0.226348287802646,-0.938371750631404
0.23762558459907,0.222877096923236,-0.939456518309564
0.237203907789373,0.219405906043826,-0.940541285987725
0.236782230979676,0.215934715164417,-0.941626053665885
0.23636055416998,0.212463524285007,-0.942710821344046
0.235938877360283,0.208992333405597,-0.943795589022206
0.235517200550586,0.205521142526188,-0.944880356700367
0.23509552374089,0.202049951646778,-0.945965124378528
0.234673846931193,0.198578760767368,-0.947049892056688
0.234252170121496,0.195107569887958,-0.948134659734849
0.2338304933118,0.191636379008549,-0.949219427413009
0.233408816502103,0.188165188129139,-0.95030419509117
0.232987139692406,0.184693997249729,-0.95138896276933
0.23256546288271,0.181222806370319,-0.952473730447491
0.232143786073013,0.17775161549091,-0.953558498125651
0.231722109263316,0.1742804246115,-0.954643265803812
0.23130043245362,0.17080923373209,-0.955728033481972
0.230878755643923,0.16733804285268,-0.956812801160133
0.230457078834226,0.163866851973271,-0.957897568838293
0.23003540202453,0.160395661093861,-0.958982336516454
0.229613725214833,0.156924470214451,-0.960067104194614
0.229192048405136,0.153453279335042,-0.961151871872775
0.228859439104878,0.150720217085087,-0.96151822502569
0.228539200292042,0.148089672700334,-0.961784798383431
0.228218961479205,0.145459128315581,-0.962051371741173
0.227898722666369,0.142828583930828,-0.962317945098915
0.227578483853532,0.140198039546075,-0.962584518456657
0.227258245040696,0.137567495161322,-0.962851091814398
0.226938006227859,0.134936950776569,-0.96311766517214
0.226617767415023,0.132306406391816,-0.963384238529882
0.226297528602186,0.129675862007063,-0.963650811887623
0.22597728978935,0.12704531762231,-0.963917385245365
0.225657050976513,0.124414773237557,-0.964183958603107
0.225336812163677,0.121784228852804,-0.964450531960849
0.22501657335084,0.119153684468052,-0.96471710531859
0.224696334538004,0.116523140083299,-0.964983678676332
0.224376095725167,0.113892595698546,-0.965250252034074
0.224055856912331,0.111262051313793,-0.965516825391815
0.223735618099494,0.10863150692904,-0.965783398749557
0.223415379286658,0.106000962544287,-0.966049972107299
0.223095140473821,0.103370418159534,-0.966316545465041
0.222774901660985,0.100739873774781,-0.966583118822782
0.222454662848148,0.0981093293900282,-0.966849692180524
0.222134424035312,0.0954787850052754,-0.967116265538266
0.221814185222475,0.0928482406205223,-0.967382838896008
0.221493946409639,0.0902176962357695,-0.967649412253749
0.221173707596802,0.0875871518510164,-0.967915985611491
0.220853468783966,0.0849566074662636,-0.968182558969233
0.220533229971129,0.0823260630815108,-0.968449132326974
0.220212991158293,0.0796955186967576,-0.968715705684716
0.219892752345456,0.0770649743120048,-0.968982279042458
0.21957251353262,0.074434429927252,-0.9692488524002
0.219252274719783,0.0718038855424989,-0.969515425757941
0.218932035906947,0.0691733411577461,-0.969781999115683
0.21861179709411,0.066542796772993,-0.970048572473425
0.218291558281274,0.0639122523882402,-0.970315145831166
0.217971319468437,0.0612817080034874,-0.970581719188908
0.217651080655601,0.0586511636187343,-0.97084829254665
0.217330841842764,0.0560206192339815,-0.971114865904391
0.217010603029928,0.0533900748492286,-0.971381439262133
0.216690364217091,0.0507595304644755,-0.971648012619875
0.216370125404255,0.0481289860797227,-0.971914585977617
0.216049886591418,0.0454984416949696,-0.972181159335358
0.215729647778582,0.0428678973102168,-0.9724477326931
0.215409408965745,0.040237352925464,-0.972714306050842
0.215089170152909,0.0376068085407109,-0.972980879408584
0.214768931340072,0.0349762641559581,-0.973247452766325
0.214448692527236,0.0323457197712053,-0.973514026124067
0.2141284537144,0.0297151753864522,-0.973780599481809
0.213808214901563,0.0270846310016994,-0.97404717283955
0.213487976088727,0.0244540866169463,-0.974313746197292
0.21316773727589,0.0218235422321935,-0.974580319555034
0.212847498463054,0.0191929978474406,-0.974846892912776
0.212527259650217,0.0165624534626875,-0.975113466270517
0.212207020837381,0.0139319090779347,-0.975380039628259
0.211886782024544,0.0113013646931819,-0.975646612986001
0.211566543211708,0.00867082030842881,-0.975913186343742
0.211246304398871,0.00604027592367598,-0.976179759701484
0.210926065586035,0.00340973153892288,-0.976446333059226
0.210605826773198,0.00077918715417008,-0.976712906416968
0.210285587960362,-0.00185135723058275,-0.976979479774709
0.209965349147525,-0.00448190161533585,-0.977246053132451
0.209645110334689,-0.00711244600008865,-0.977512626490193
0.209324871521852,-0.00974299038484147,-0.977779199847934
0.209088095609434,-0.0118715445496005,-0.977684201500274
0.208855599845756,-0.0139743556261544,-0.977570661013875
0.208623104082078,-0.0160771667027085,-0.977457120527475
0.208390608318399,-0.0181799777792624,-0.977343580041076
0.208158112554721,-0.0202827888558163,-0.977230039554677
0.207925616791042,-0.0223855999323704,-0.977116499068278
0.207693121027364,-0.0244884110089243,-0.977002958581878
0.207460625263686,-0.0265912220854782,-0.976889418095479
0.207228129500007,-0.0286940331620324,-0.97677587760908
0.206995633736329,-0.0307968442385863,-0.976662337122681
0.20676313797265,-0.0328996553151404,-0.976548796636282
0.206530642208972,-0.0350024663916943,-0.976435256149882
0.206298146445294,-0.0371052774682482,-0.976321715663483
0.206065650681615,-0.0392080885448024,-0.976208175177084
0.205833154917937,-0.0413108996213563,-0.976094634690685
0.205600659154259,-0.0434137106979102,-0.975981094204285
0.20536816339058,-0.0455165217744643,-0.975867553717886
0.205135667626902,-0.0476193328510182,-0.975754013231487
0.204903171863223,-0.0497221439275724,-0.975640472745088
0.204670676099545,-0.0518249550041263,-0.975526932258689
0.204438180335867,-0.0539277660806802,-0.975413391772289
0.204205684572188,-0.0560305771572343,-0.97529985128589
0.20397318880851,-0.0581333882337882,-0.975186310799491
0.203740693044831,-0.0602361993103421,-0.975072770313092
0.203508197281153,-0.0623390103868962,-0.974959229826692
0.203275701517475,-0.0644418214634502,-0.974845689340293
0.203043205753796,-0.0665446325400043,-0.974732148853894
0.202810709990118,-0.0686474436165582,-0.974618608367495
0.202578214226439,-0.0707502546931121,-0.974505067881096
0.202345718462761,-0.0728530657696662,-0.974391527394696
0.202113222699083,-0.0749558768462201,-0.974277986908297
0.201880726935404,-0.0770586879227743,-0.974164446421898
0.201648231171726,-0.0791614989993282,-0.974050905935499
0.201415735408048,-0.0812643100758821,-0.973937365449099
0.201183239644369,-0.0833671211524362,-0.9738238249627
0.200950743880691,-0.0854699322289901,-0.973710284476301
0.200718248117012,-0.087572743305544,-0.973596743989902
0.200485752353334,-0.0896755543820981,-0.973483203503502
0.200253256589656,-0.0917783654586521,-0.973369663017103
0.200020760825977,-0.0938811765352062,-0.973256122530704
0.199788265062299,-0.0959839876117601,-0.973142582044305
0.19955576929862,-0.098086798688314,-0.973029041557905
0.199323273534942,-0.100189609764868,-0.972915501071506
0.199090777771264,-0.102292420841422,-0.972801960585107
0.198858282007585,-0.104395231917976,-0.972688420098708
0.198625786243907,-0.10649804299453,-0.972574879612309
0.198393290480228,-0.108600854071084,-0.972461339125909
0.19816079471655,-0.110703665147638,-0.97234779863951
0.197928298952872,-0.112806476224192,-0.972234258153111
0.197695803189193,-0.114909287300746,-0.972120717666712
0.197463307425515,-0.1170120983773,-0.972007177180312
0.197230811661837,-0.119114909453854,-0.971893636693913
0.196998315898158,-0.121217720530408,-0.971780096207514
0.19676582013448,-0.123320531606962,-0.971666555721115
0.196533324370801,-0.125423342683516,-0.971553015234715
0.196300828607123,-0.12752615376007,-0.971439474748316
0.196068332843445,-0.129628964836624,-0.971325934261917
0.195835837079766,-0.131731775913178,-0.971212393775518
0.195603341316088,-0.133834586989732,-0.971098853289119
0.195370845552409,-0.135937398066286,-0.970985312802719
0.195138349788731,-0.13804020914284,-0.97087177231632
0.194907326064931,-0.140135256123853,-0.970752976784888
0.194735183936257,-0.141919739283225,-0.970423979452155
0.194563041807583,-0.143704222442598,-0.970094982119422
0.194390899678909,-0.14548870560197,-0.969765984786688
0.194218757550235,-0.147273188761343,-0.969436987453955
0.194046615421561,-0.149057671920715,-0.969107990121222
0.193874473292887,-0.150842155080088,-0.968778992788488
0.193702331164213,-0.15262663823946,-0.968449995455755
0.193530189035539,-0.154411121398833,-0.968120998123022
0.193358046906865,-0.156195604558205,-0.967792000790288
0.193185904778191,-0.157980087717578,-0.967463003457555
0.193013762649517,-0.15976457087695,-0.967134006124822
0.192841620520843,-0.161549054036323,-0.966805008792088
0.192669478392169,-0.163333537195695,-0.966476011459355
0.192497336263495,-0.165118020355068,-0.966147014126622
0.192325194134821,-0.16690250351444,-0.965818016793889
0.192153052006147,-0.168686986673813,-0.965489019461155
0.191980909877473,-0.170471469833185,-0.965160022128422
0.191808767748799,-0.172255952992558,-0.964831024795689
0.191636625620125,-0.17404043615193,-0.964502027462955
0.191464483491452,-0.175824919311303,-0.964173030130222
0.191292341362778,-0.177609402470675,-0.963844032797489
0.191120199234104,-0.179393885630048,-0.963515035464755
0.19094805710543,-0.18117836878942,-0.963186038132022
0.190775914976756,-0.182962851948793,-0.962857040799289
0.190603772848082,-0.184747335108165,-0.962528043466555
0.190431630719408,-0.186531818267538,-0.962199046133822
0.190259488590734,-0.18831630142691,-0.961870048801089
0.19008734646206,-0.190100784586283,-0.961541051468355
0.189915204333386,-0.191885267745655,-0.961212054135622
0.189743062204712,-0.193669750905028,-0.960883056802889
0.189570920076038,-0.1954542340644,-0.960554059470156
0.189398777947364,-0.197238717223773,-0.960225062137422
0.18922663581869,-0.199023200383145,-0.959896064804689
0.189054493690016,-0.200807683542518,-0.959567067471956
0.188882351561342,-0.20259216670189,-0.959238070139222
0.188710209432668,-0.204376649861263,-0.958909072806489
0.188538067303994,-0.206161133020635,-0.958580075473756
0.18836592517532,-0.207945616180008,-0.958251078141022
0.188193783046646,-0.20973009933938,-0.957922080808289
0.188021640917972,-0.211514582498753,-0.957593083475556
0.187849498789298,-0.213299065658125,-0.957264086142822
0.187677356660624,-0.215083548817498,-0.956935088810089
0.18750521453195,-0.21686803197687,-0.956606091477356
0.187333072403276,-0.218652515136243,-0.956277094144622
0.187160930274602,-0.220436998295615,-0.955948096811889
0.186988788145928,-0.222221481454988,-0.955619099479156
0.186816646017254,-0.22400596461436,-0.955290102146422
0.18664450388858,-0.225790447773733,-0.954961104813689
0.186472361759907,-0.227574930933105,-0.954632107480956
0.186300219631233,-0.229359414092478,-0.954303110148222
0.186128077502559,-0.23114389725185,-0.953974112815489
0.185955935373885,-0.232928380411223,-0.953645115482756
0.185783793245211,-0.234712863570595,-0.953316118150022
0.185611651116537,-0.236497346729968,-0.952987120817289
0.185439508987863,-0.23828182988934,-0.952658123484556
0.185267366859189,-0.240066313048713,-0.952329126151822
0.185095224730515,-0.241850796208085,-0.952000128819089
0.184923082601841,-0.243635279367458,-0.951671131486356
0.184750940473167,-0.24541976252683,-0.951342134153622
0.184578798344493,-0.247204245686202,-0.951013136820889
0.184406656215819,-0.248988728845575,-0.950684139488156
0.184238770924576,-0.250752828883205,-0.950340460679249
0.184110261379569,-0.252328385044713,-0.949860978215733
0.183981751834562,-0.25390394120622,-0.949381495752218
0.183853242289555,-0.255479497367728,-0.948902013288703
0.183724732744548,-0.257055053529236,-0.948422530825188
0.183596223199541,-0.258630609690744,-0.947943048361673
0.183467713654534,-0.260206165852252,-0.947463565898158
0.183339204109527,-0.26178172201376,-0.946984083434642
0.18321069456452,-0.263357278175268,-0.946504600971127
0.183082185019513,-0.264932834336776,-0.946025118507612
0.182953675474506,-0.266508390498283,-0.945545636044097
0.182825165929499,-0.268083946659791,-0.945066153580582
0.182696656384492,-0.269659502821299,-0.944586671117067
0.182568146839485,-0.271235058982807,-0.944107188653552
0.182439637294479,-0.272810615144315,-0.943627706190036
0.182311127749472,-0.274386171305823,-0.943148223726521
0.182182618204465,-0.275961727467331,-0.942668741263006
0.182054108659458,-0.277537283628839,-0.942189258799491
0.181925599114451,-0.279112839790346,-0.941709776335976
0.181797089569444,-0.280688395951854,-0.941230293872461
0.181668580024437,-0.282263952113362,-0.940750811408946
0.18154007047943,-0.28383950827487,-0.94027132894543
0.181411560934423,-0.285415064436378,-0.939791846481915
0.181283051389416,-0.286990620597886,-0.9393123640184
0.181154541844409,-0.288566176759394,-0.938832881554885
0.181026032299402,-0.290141732920902,-0.93835339909137
0.180897522754395,-0.291717289082409,-0.937873916627855
0.180769013209388,-0.293292845243917,-0.93739443416434
0.180640503664381,-0.294868401405425,-0.936914951700824
0.180511994119374,-0.296443957566933,-0.936435469237309
0.180383484574367,-0.298019513728441,-0.935955986773794
0.18025497502936,-0.299595069889949,-0.935476504310279
0.180126465484353,-0.301170626051457,-0.934997021846764
0.179997955939346,-0.302746182212965,-0.934517539383249
0.179869446394339,-0.304321738374473,-0.934038056919734
0.179740936849332,-0.30589729453598,-0.933558574456218
0.179612427304325,-0.307472850697488,-0.933079091992703
0.179483917759318,-0.309048406858996,-0.932599609529188
0.179355408214311,-0.310623963020504,-0.932120127065673
0.179226898669304,-0.312199519182012,-0.931640644602158
0.179098389124298,-0.31377507534352,-0.931161162138643
0.178969879579291,-0.315350631505028,-0.930681679675127
0.178841370034284,-0.316926187666536,-0.930202197211612
0.178712860489277,-0.318501743828043,-0.929722714748097
0.17858435094427,-0.320077299989551,-0.929243232284582
0.178455841399263,-0.321652856151059,-0.928763749821067
0.178327331854256,-0.323228412312567,-0.928284267357552
0.178198822309249,-0.324803968474075,-0.927804784894037
0.178070312764242,-0.326379524635583,-0.927325302430521
0.177941803219235,-0.327955080797091,-0.926845819967006
0.177813293674228,-0.329530636958599,-0.926366337503491
0.177684784129221,-0.331106193120106,-0.925886855039976
0.177556274584214,-0.332681749281614,-0.925407372576461
0.177427765039207,-0.334257305443122,-0.924927890112946
0.1772992554942,-0.33583286160463,-0.924448407649431
0.177170745949193,-0.337408417766138,-0.923968925185915
0.177042236404186,-0.338983973927646,-0.9234894427224
0.176913726859179,-0.340559530089154,-0.923009960258885
0.176785217314172,-0.342135086250662,-0.92253047779537
0.176656707769165,-0.343710642412169,-0.922050995331855
0.176528198224158,-0.345286198573677,-0.92157151286834
0.176399688679151,-0.346861754735185,-0.921092030404825
0.176276888597101,-0.348412107604373,-0.920591504567249
0.176181820192268,-0.349840044482292,-0.919988768055665
0.176086751787434,-0.351267981360211,-0.919386031544082
0.175991683382601,-0.35269591823813,-0.918783295032498
0.175896614977768,-0.354123855116049,-0.918180558520915
0.175801546572935,-0.355551791993968,-0.917577822009331
0.175706478168102,-0.356979728871886,-0.916975085497748
0.175611409763268,-0.358407665749805,-0.916372348986164
0.175516341358435,-0.359835602627724,-0.915769612474581
0.175421272953602,-0.361263539505643,-0.915166875962997
0.175326204548769,-0.362691476383562,-0.914564139451413
0.175231136143935,-0.364119413261481,-0.91396140293983
0.175136067739102,-0.3655473501394,-0.913358666428247
0.175040999334269,-0.366975287017319,-0.912755929916663
0.174945930929436,-0.368403223895238,-0.91215319340508
0.174850862524603,-0.369831160773157,-0.911550456893496
0.174755794119769,-0.371259097651075,-0.910947720381912
0.174660725714936,-0.372687034528994,-0.910344983870329
0.174565657310103,-0.374114971406913,-0.909742247358745
0.17447058890527,-0.375542908284832,-0.909139510847162
0.174375520500436,-0.376970845162751,-0.908536774335578
0.174280452095603,-0.37839878204067,-0.907934037823995
0.17418538369077,-0.379826718918589,-0.907331301312411
0.174090315285937,-0.381254655796508,-0.906728564800828
0.173995246881104,-0.382682592674426,-0.906125828289244
0.17390017847627,-0.384110529552345,-0.905523091777661
0.173805110071437,-0.385538466430264,-0.904920355266077
0.173710041666604,-0.386966403308183,-0.904317618754493
0.173614973261771,-0.388394340186102,-0.90371488224291
0.173519904856937,-0.389822277064021,-0.903112145731326
0.173424836452104,-0.39125021394194,-0.902509409219743
0.173329768047271,-0.392678150819859,-0.901906672708159
0.173234699642438,-0.394106087697777,-0.901303936196576
0.173139631237605,-0.395534024575696,-0.900701199684992
0.173044562832771,-0.396961961453615,-0.900098463173409
0.172949494427938,-0.398389898331534,-0.899495726661825
0.172854426023105,-0.399817835209453,-0.898892990150242
0.172759357618272,-0.401245772087372,-0.898290253638658
0.172664289213438,-0.402673708965291,-0.897687517127075
0.172569220808605,-0.40410164584321,-0.897084780615491
0.172474152403772,-0.405529582721129,-0.896482044103908
0.172379083998939,-0.406957519599048,-0.895879307592324
0.172284015594105,-0.408385456476966,-0.895276571080741
0.172188947189272,-0.409813393354885,-0.894673834569157
0.172093878784439,-0.411241330232804,-0.894071098057573
0.171998810379606,-0.412669267110723,-0.89346836154599
0.171903741974773,-0.414097203988642,-0.892865625034406
0.171808673569939,-0.415525140866561,-0.892262888522823
0.171713605165106,-0.41695307774448,-0.891660152011239
0.171618536760273,-0.418381014622399,-0.891057415499656
0.17152346835544,-0.419808951500318,-0.890454678988072
0.171428399950606,-0.421236888378236,-0.889851942476489
0.171333331545773,-0.422664825256155,-0.889249205964905
0.17123826314094,-0.424092762134074,-0.888646469453322
0.171143194736107,-0.425520699011993,-0.888043732941738
0.171048126331274,-0.426948635889912,-0.887440996430155
0.17095305792644,-0.428376572767831,-0.886838259918571
0.170857989521607,-0.42980450964575,-0.886235523406987
0.170762921116774,-0.431232446523669,-0.885632786895404
0.170667852711941,-0.432660383401588,-0.88503005038382
0.170572784307107,-0.434088320279507,-0.884427313872237
0.170477715902274,-0.435516257157425,-0.883824577360653
0.170389327959735,-0.436916889520835,-0.883194147812753
0.170321649450306,-0.438232877889268,-0.882477869852269
0.170253970940877,-0.439548866257699,-0.881761591891785
0.170186292431448,-0.440864854626132,-0.881045313931301
0.170118613922019,-0.442180842994564,-0.880329035970817
0.17005093541259,-0.443496831362996,-0.879612758010333
0.169983256903161,-0.444812819731428,-0.878896480049849
0.169915578393732,-0.44612880809986,-0.878180202089365
0.169847899884303,-0.447444796468292,-0.877463924128881
0.169780221374874,-0.448760784836724,-0.876747646168397
0.169712542865445,-0.450076773205157,-0.876031368207913
0.169644864356016,-0.451392761573589,-0.875315090247429
0.169577185846587,-0.452708749942021,-0.874598812286945
0.169509507337158,-0.454024738310453,-0.873882534326461
0.169441828827729,-0.455340726678885,-0.873166256365977
0.1693741503183,-0.456656715047317,-0.872449978405493
0.169306471808871,-0.45797270341575,-0.871733700445009
0.169238793299442,-0.459288691784182,-0.871017422484525
0.169171114790013,-0.460604680152614,-0.870301144524042
0.169103436280583,-0.461920668521046,-0.869584866563558
0.169035757771154,-0.463236656889478,-0.868868588603074
0.168968079261725,-0.46455264525791,-0.86815231064259
0.168900400752296,-0.465868633626342,-0.867436032682106
0.168832722242867,-0.467184621994775,-0.866719754721622
0.168765043733438,-0.468500610363206,-0.866003476761138
0.168697365224009,-0.469816598731639,-0.865287198800654
0.16862968671458,-0.471132587100071,-0.86457092084017
0.168562008205151,-0.472448575468503,-0.863854642879686
0.168494329695722,-0.473764563836935,-0.863138364919202
0.168426651186293,-0.475080552205367,-0.862422086958718
0.168358972676864,-0.4763965405738,-0.861705808998234
0.168291294167435,-0.477712528942231,-0.86098953103775
0.168223615658006,-0.479028517310664,-0.860273253077266
0.168155937148577,-0.480344505679096,-0.859556975116782
0.168088258639148,-0.481660494047528,-0.858840697156298
0.168020580129719,-0.48297648241596,-0.858124419195815
0.16795290162029,-0.484292470784392,-0.857408141235331
0.167885223110861,-0.485608459152824,-0.856691863274847
0.167817544601432,-0.486924447521256,-0.855975585314363
0.167749866092003,-0.488240435889689,-0.855259307353879
0.167682187582574,-0.489556424258121,-0.854543029393395
0.167614509073145,-0.490872412626553,-0.853826751432911
0.167546830563716,-0.492188400994985,-0.853110473472427
0.167479152054287,-0.493504389363417,-0.852394195511943
0.167411473544858,-0.494820377731849,-0.851677917551459
0.167343795035429,-0.496136366100282,-0.850961639590975
0.167276116526,-0.497452354468714,-0.850245361630491
0.167208438016571,-0.498768342837146,-0.849529083670007
0.167140759507142,-0.500084331205578,-0.848812805709523
0.167073080997713,-0.50140031957401,-0.848096527749039
0.167005402488284,-0.502716307942442,-0.847380249788555
0.166937723978855,-0.504032296310874,-0.846663971828071
0.166870045469426,-0.505348284679307,-0.845947693867588
0.166802366959997,-0.506664273047738,-0.845231415907104
0.166734688450568,-0.507980261416171,-0.84451513794662
0.166667009941139,-0.509296249784603,-0.843798859986136
0.16659933143171,-0.510612238153035,-0.843082582025652
0.166531652922281,-0.511928226521467,-0.842366304065168
0.166463974412852,-0.513244214889899,-0.841650026104684
0.166396295903423,-0.514560203258332,-0.8409337481442
0.166328617393994,-0.515876191626763,-0.840217470183716
0.166260938884565,-0.517192179995196,-0.839501192223232
0.16620083410893,-0.518479388358322,-0.838749267328156
0.166157041990696,-0.519704609017712,-0.837920564420113
0.166113249872462,-0.520929829677103,-0.83709186151207
0.166069457754229,-0.522155050336493,-0.836263158604027
0.166025665635995,-0.523380270995884,-0.835434455695984
0.165981873517761,-0.524605491655274,-0.834605752787941
0.165938081399528,-0.525830712314665,-0.833777049879898
0.165894289281294,-0.527055932974055,-0.832948346971855
0.16585049716306,-0.528281153633445,-0.832119644063812
0.165806705044827,-0.529506374292836,-0.831290941155769
0.165762912926593,-0.530731594952227,-0.830462238247726
0.165719120808359,-0.531956815611617,-0.829633535339683
0.165675328690126,-0.533182036271007,-0.82880483243164
0.165631536571892,-0.534407256930398,-0.827976129523596
0.165587744453659,-0.535632477589788,-0.827147426615554
0.165543952335425,-0.536857698249179,-0.826318723707511
0.165500160217191,-0.538082918908569,-0.825490020799467
0.165456368098958,-0.539308139567959,-0.824661317891425
0.165412575980724,-0.54053336022735,-0.823832614983381
0.16536878386249,-0.54175858088674,-0.823003912075338
0.165324991744257,-0.542983801546131,-0.822175209167295
0.165281199626023,-0.544209022205521,-0.821346506259252
0.165237407507789,-0.545434242864912,-0.820517803351209
0.165193615389556,-0.546659463524302,-0.819689100443166
0.165149823271322,-0.547884684183692,-0.818860397535123
0.165106031153088,-0.549109904843083,-0.81803169462708
0.165062239034855,-0.550335125502474,-0.817202991719037
0.165018446916621,-0.551560346161864,-0.816374288810994
0.164974654798387,-0.552785566821254,-0.815545585902951
0.164930862680154,-0.554010787480645,-0.814716882994908
0.16488707056192,-0.555236008140035,-0.813888180086865
0.164843278443687,-0.556461228799426,-0.813059477178822
0.164799486325453,-0.557686449458816,-0.812230774270779
0.164755694207219,-0.558911670118206,-0.811402071362736
0.164711902088986,-0.560136890777597,-0.810573368454693
0.164668109970752,-0.561362111436988,-0.80974466554665
0.164624317852518,-0.562587332096378,-0.808915962638607
0.164580525734285,-0.563812552755768,-0.808087259730564
0.164536733616051,-0.565037773415159,-0.807258556822521
0.164492941497817,-0.566262994074549,-0.806429853914477
0.164449149379584,-0.56748821473394,-0.805601151006435
0.16440535726135,-0.56871343539333,-0.804772448098391
0.164361565143116,-0.569938656052721,-0.803943745190348
0.164317773024883,-0.571163876712111,-0.803115042282305
0.164273980906649,-0.572389097371501,-0.802286339374262
0.164230188788415,-0.573614318030892,-0.801457636466219
0.164186396670182,-0.574839538690282,-0.800628933558176
0.164142604551948,-0.576064759349673,-0.799800230650133
0.164098812433715,-0.577289980009063,-0.79897152774209
0.164055020315481,-0.578515200668454,-0.798142824834047
0.164011228197247,-0.579740421327844,-0.797314121926004
0.163967436079014,-0.580965641987235,-0.796485419017961
0.16392364396078,-0.582190862646625,-0.795656716109918
0.163879851842546,-0.583416083306015,-0.794828013201875
0.163836059724313,-0.584641303965406,-0.793999310293832
0.163792267606079,-0.585866524624796,-0.793170607385789
0.163748475487845,-0.587091745284187,-0.792341904477746
0.163704683369612,-0.588316965943577,-0.791513201569703
0.163660891251378,-0.589542186602968,-0.79068449866166
0.163617099133144,-0.590767407262358,-0.789855795753617
0.163573307014911,-0.591992627921749,-0.789027092845574
0.163529514896677,-0.593217848581139,-0.788198389937531
0.163494298710697,-0.594412121213107,-0.787323762296268
0.163472482418864,-0.595558037552227,-0.786377377259351
0.16345066612703,-0.596703953891347,-0.785430992222433
0.163428849835197,-0.597849870230467,-0.784484607185515
0.163407033543363,-0.598995786569587,-0.783538222148597
0.16338521725153,-0.600141702908707,-0.78259183711168
0.163363400959696,-0.601287619247827,-0.781645452074762
0.163341584667863,-0.602433535586947,-0.780699067037844
0.163319768376029,-0.603579451926067,-0.779752682000926
0.163297952084196,-0.604725368265187,-0.778806296964009
0.163276135792362,-0.605871284604307,-0.777859911927091
0.163254319500529,-0.607017200943427,-0.776913526890173
0.163232503208695,-0.608163117282547,-0.775967141853255
0.163210686916862,-0.609309033621667,-0.775020756816338
0.163188870625028,-0.610454949960787,-0.77407437177942
0.163167054333195,-0.611600866299908,-0.773127986742502
0.163145238041361,-0.612746782639027,-0.772181601705585
0.163123421749528,-0.613892698978148,-0.771235216668667
0.163101605457694,-0.615038615317268,-0.770288831631749
0.163079789165861,-0.616184531656388,-0.769342446594832
0.163057972874027,-0.617330447995508,-0.768396061557914
0.163036156582194,-0.618476364334628,-0.767449676520996
0.16301434029036,-0.619622280673748,-0.766503291484078
0.162992523998527,-0.620768197012868,-0.765556906447161
0.162970707706693,-0.621914113351988,-0.764610521410243
0.16294889141486,-0.623060029691108,-0.763664136373325
0.162927075123026,-0.624205946030228,-0.762717751336407
0.162905258831193,-0.625351862369348,-0.76177136629949
0.162883442539359,-0.626497778708468,-0.760824981262572
0.162861626247526,-0.627643695047588,-0.759878596225654
0.162839809955692,-0.628789611386708,-0.758932211188736
0.162817993663859,-0.629935527725828,-0.757985826151819
0.162796177372025,-0.631081444064948,-0.757039441114901
0.162774361080192,-0.632227360404068,-0.756093056077983
0.162752544788358,-0.633373276743188,-0.755146671041065
0.162730728496525,-0.634519193082308,-0.754200286004148
0.162708912204691,-0.635665109421428,-0.75325390096723
0.162687095912858,-0.636811025760549,-0.752307515930312
0.162665279621024,-0.637956942099668,-0.751361130893395
0.162643463329191,-0.639102858438789,-0.750414745856477
0.162621647037357,-0.640248774777909,-0.749468360819559
0.162599830745524,-0.641394691117029,-0.748521975782641
0.16257801445369,-0.642540607456149,-0.747575590745724
0.162556198161857,-0.643686523795269,-0.746629205708806
0.162534381870023,-0.644832440134389,-0.745682820671888
0.16251256557819,-0.645978356473509,-0.744736435634971
0.162490749286356,-0.647124272812629,-0.743790050598053
0.162468932994523,-0.648270189151749,-0.742843665561135
0.162447116702689,-0.649416105490869,-0.741897280524217
0.162425300410856,-0.650562021829989,-0.7409508954873
0.162403484119022,-0.651707938169109,-0.740004510450382
0.162381667827189,-0.652853854508229,-0.739058125413464
0.162359851535355,-0.653999770847349,-0.738111740376546
0.162338035243522,-0.655145687186469,-0.737165355339629
0.162316218951688,-0.656291603525589,-0.736218970302711
0.162294402659855,-0.657437519864709,-0.735272585265793
0.162272586368021,-0.658583436203829,-0.734326200228876
0.162250770076188,-0.65972935254295,-0.733379815191958
0.162228953784355,-0.660875268882069,-0.73243343015504
0.162207137492521,-0.662021185221189,-0.731487045118122
0.162185321200688,-0.66316710156031,-0.730540660081205
0.162163504908854,-0.66431301789943,-0.729594275044287
0.162151724786775,-0.665424028711556,-0.728588706233831
0.162151565492834,-0.666494622597689,-0.727514608843489
0.162151406198893,-0.667565216483822,-0.726440511453147
0.162151246904951,-0.668635810369955,-0.725366414062805
0.16215108761101,-0.669706404256088,-0.724292316672463
0.162150928317069,-0.670776998142221,-0.723218219282121
0.162150769023127,-0.671847592028355,-0.722144121891779
0.162150609729186,-0.672918185914488,-0.721070024501437
0.162150450435245,-0.673988779800621,-0.719995927111095
0.162150291141303,-0.675059373686754,-0.718921829720753
0.162150131847362,-0.676129967572887,-0.717847732330411
0.16214997255342,-0.67720056145902,-0.716773634940069
0.162149813259479,-0.678271155345154,-0.715699537549727
0.162149653965538,-0.679341749231287,-0.714625440159385
0.162149494671596,-0.68041234311742,-0.713551342769043
0.162149335377655,-0.681482937003553,-0.712477245378701
0.162149176083714,-0.682553530889686,-0.711403147988359
0.162149016789772,-0.683624124775819,-0.710329050598017
0.162148857495831,-0.684694718661952,-0.709254953207675
0.16214869820189,-0.685765312548086,-0.708180855817333
0.162148538907948,-0.686835906434219,-0.707106758426991
0.162148379614007,-0.687906500320352,-0.706032661036649
0.162148220320066,-0.688977094206485,-0.704958563646307
0.162148061026124,-0.690047688092618,-0.703884466255965
0.162147901732183,-0.691118281978752,-0.702810368865623
0.162147742438241,-0.692188875864885,-0.701736271475281
0.1621475831443,-0.693259469751018,-0.700662174084939
0.162147423850359,-0.694330063637151,-0.699588076694596
0.162147264556417,-0.695400657523284,-0.698513979304255
0.162147105262476,-0.696471251409417,-0.697439881913912
0.162146945968535,-0.69754184529555,-0.69636578452357
0.162146786674593,-0.698612439181683,-0.695291687133228
0.162146627380652,-0.699683033067817,-0.694217589742886
0.162146468086711,-0.70075362695395,-0.693143492352544
0.162146308792769,-0.701824220840083,-0.692069394962203
0.162146149498828,-0.702894814726216,-0.69099529757186
0.162145990204887,-0.703965408612349,-0.689921200181518
0.162145830910945,-0.705036002498482,-0.688847102791176
0.162145671617004,-0.706106596384616,-0.687773005400834
0.162145512323062,-0.707177190270749,-0.686698908010492
0.162145353029121,-0.708247784156882,-0.68562481062015
0.16214519373518,-0.709318378043015,-0.684550713229808
0.162145034441238,-0.710388971929148,-0.683476615839466
0.162144875147297,-0.711459565815282,-0.682402518449124
0.162144715853356,-0.712530159701415,-0.681328421058782
0.162144556559414,-0.713600753587548,-0.68025432366844
0.162144397265473,-0.714671347473681,-0.679180226278098
0.162144237971532,-0.715741941359814,-0.678106128887756
0.16214407867759,-0.716812535245947,-0.677032031497414
0.162143919383649,-0.71788312913208,-0.675957934107072
0.162143760089708,-0.718953723018213,-0.67488383671673
0.162143600795766,-0.720024316904347,-0.673809739326388
0.162143441501825,-0.72109491079048,-0.672735641936046
0.162143282207883,-0.722165504676613,-0.671661544545704
0.162143122913942,-0.723236098562746,-0.670587447155362
0.162142963620001,-0.724306692448879,-0.66951334976502
0.162142804326059,-0.725377286335013,-0.668439252374678
0.162142645032118,-0.726447880221146,-0.667365154984336
0.162142485738177,-0.727518474107279,-0.666291057593994
0.162142326444235,-0.728589067993412,-0.665216960203652
0.162142167150294,-0.729659661879545,-0.66414286281331
0.162142007856353,-0.730730255765678,-0.663068765422968
0.162153982239335,-0.731759322328143,-0.661918021154572
0.162176435706934,-0.732752524383803,-0.660701081855131
0.162198889174533,-0.733745726439464,-0.659484142555689
0.162221342642132,-0.734738928495124,-0.658267203256247
0.162243796109731,-0.735732130550784,-0.657050263956805
0.16226624957733,-0.736725332606444,-0.655833324657363
0.162288703044929,-0.737718534662105,-0.654616385357921
0.162311156512528,-0.738711736717765,-0.653399446058479
0.162333609980127,-0.739704938773425,-0.652182506759038
0.162356063447726,-0.740698140829086,-0.650965567459596
0.162378516915325,-0.741691342884746,-0.649748628160154
0.162400970382924,-0.742684544940406,-0.648531688860712
0.162423423850523,-0.743677746996066,-0.64731474956127
0.162445877318122,-0.744670949051727,-0.646097810261829
0.16246833078572,-0.745664151107387,-0.644880870962387
0.162490784253319,-0.746657353163047,-0.643663931662945
0.162513237720918,-0.747650555218707,-0.642446992363503
0.162535691188517,-0.748643757274368,-0.641230053064062
0.162558144656116,-0.749636959330028,-0.64001311376462
0.162580598123715,-0.750630161385688,-0.638796174465178
0.162603051591314,-0.751623363441348,-0.637579235165736
0.162625505058913,-0.752616565497009,-0.636362295866294
0.162647958526512,-0.753609767552669,-0.635145356566852
0.162670411994111,-0.754602969608329,-0.63392841726741
0.16269286546171,-0.75559617166399,-0.632711477967969
0.162715318929309,-0.75658937371965,-0.631494538668527
0.162737772396908,-0.75758257577531,-0.630277599369085
0.162760225864507,-0.75857577783097,-0.629060660069643
0.162782679332106,-0.759568979886631,-0.627843720770201
0.162805132799705,-0.760562181942291,-0.62662678147076
0.162827586267304,-0.761555383997951,-0.625409842171318
0.162850039734903,-0.762548586053611,-0.624192902871876
0.162872493202501,-0.763541788109272,-0.622975963572434
0.1628949466701,-0.764534990164932,-0.621759024272993
0.162917400137699,-0.765528192220592,-0.620542084973551
0.162939853605298,-0.766521394276253,-0.619325145674109
0.162962307072897,-0.767514596331913,-0.618108206374667
0.162984760540496,-0.768507798387573,-0.616891267075225
0.163007214008095,-0.769501000443233,-0.615674327775783
0.163029667475694,-0.770494202498894,-0.614457388476341
0.163052120943293,-0.771487404554554,-0.6132404491769
0.163074574410892,-0.772480606610214,-0.612023509877458
0.163097027878491,-0.773473808665875,-0.610806570578016
0.16311948134609,-0.774467010721535,-0.609589631278574
0.163141934813689,-0.775460212777195,-0.608372691979132
0.163164388281288,-0.776453414832855,-0.607155752679691
0.163186841748887,-0.777446616888516,-0.605938813380249
0.163209295216486,-0.778439818944176,-0.604721874080807
0.163231748684085,-0.779433020999836,-0.603504934781365
0.163254202151684,-0.780426223055496,-0.602287995481923
0.163276655619283,-0.781419425111157,-0.601071056182482
0.163299109086881,-0.782412627166817,-0.59985411688304
0.16332156255448,-0.783405829222477,-0.598637177583598
0.163344016022079,-0.784399031278138,-0.597420238284156
0.163366469489678,-0.785392233333798,-0.596203298984714
0.163388922957277,-0.786385435389458,-0.594986359685272
0.163411376424876,-0.787378637445118,-0.593769420385831
0.163433829892475,-0.788371839500779,-0.592552481086389
0.163456283360074,-0.789365041556439,-0.591335541786947
0.163478736827673,-0.790358243612099,-0.590118602487505
0.163501190295272,-0.791351445667759,-0.588901663188064
0.163523643762871,-0.79234464772342,-0.587684723888622
0.163561535983773,-0.793285124670008,-0.58636738339387
0.163609309006789,-0.794191857546791,-0.58498578613412
0.163657082029805,-0.795098590423573,-0.58360418887437
0.163704855052821,-0.796005323300356,-0.58222259161462
0.163752628075837,-0.796912056177138,-0.580840994354871
0.163800401098853,-0.797818789053921,-0.579459397095121
0.163848174121869,-0.798725521930703,-0.578077799835371
0.163895947144885,-0.799632254807486,-0.576696202575621
0.163943720167901,-0.800538987684269,-0.575314605315871
0.163991493190917,-0.801445720561051,-0.573933008056121
0.164039266213933,-0.802352453437833,-0.572551410796371
0.164087039236949,-0.803259186314616,-0.571169813536621
0.164134812259965,-0.804165919191399,-0.569788216276872
0.164182585282981,-0.805072652068181,-0.568406619017122
0.164230358305997,-0.805979384944964,-0.567025021757372
0.164278131329013,-0.806886117821746,-0.565643424497622
0.164325904352029,-0.807792850698529,-0.564261827237872
0.164373677375045,-0.808699583575311,-0.562880229978122
0.164421450398061,-0.809606316452094,-0.561498632718372
0.164469223421077,-0.810513049328876,-0.560117035458623
0.164516996444093,-0.811419782205659,-0.558735438198873
0.164564769467109,-0.812326515082441,-0.557353840939123
0.164612542490125,-0.813233247959224,-0.555972243679373
0.164660315513141,-0.814139980836007,-0.554590646419623
0.164708088536157,-0.815046713712789,-0.553209049159873
0.164755861559173,-0.815953446589572,-0.551827451900123
0.164803634582189,-0.816860179466354,-0.550445854640374
0.164851407605205,-0.817766912343137,-0.549064257380624
0.164899180628221,-0.818673645219919,-0.547682660120874
0.164946953651237,-0.819580378096702,-0.546301062861124
0.164994726674253,-0.820487110973484,-0.544919465601374
0.165042499697269,-0.821393843850267,-0.543537868341624
0.165090272720285,-0.822300576727049,-0.542156271081874
0.165138045743301,-0.823207309603832,-0.540774673822124
0.165185818766317,-0.824114042480614,-0.539393076562374
0.165233591789333,-0.825020775357397,-0.538011479302625
0.165281364812349,-0.825927508234179,-0.536629882042875
0.165329137835366,-0.826834241110962,-0.535248284783125
0.165376910858382,-0.827740973987745,-0.533866687523375
0.165424683881398,-0.828647706864527,-0.532485090263625
0.165472456904414,-0.82955443974131,-0.531103493003875
0.16552022992743,-0.830461172618092,-0.529721895744125
0.165568002950446,-0.831367905494875,-0.528340298484376
0.165615775973462,-0.832274638371657,-0.526958701224626
0.165663548996478,-0.83318137124844,-0.525577103964876
0.165711322019494,-0.834088104125222,-0.524195506705126
0.16575909504251,-0.834994837002005,-0.522813909445376
0.165806868065526,-0.835901569878787,-0.521432312185626
0.165854641088542,-0.83680830275557,-0.520050714925876
0.165902414111558,-0.837715035632352,-0.518669117666127
0.165950187134574,-0.838621768509135,-0.517287520406377
0.16599796015759,-0.839528501385918,-0.515905923146627
0.166045733180606,-0.8404352342627,-0.514524325886877
0.166093506203622,-0.841341967139483,-0.513142728627127
0.166141279226638,-0.842248700016265,-0.511761131367377
0.166189052249654,-0.843155432893048,-0.510379534107627
0.16623682527267,-0.84406216576983,-0.508997936847877
0.166284598295686,-0.844968898646613,-0.507616339588127
0.166332371318702,-0.845875631523395,-0.506234742328378
0.166380144341718,-0.846782364400178,-0.504853145068628
0.166427917364734,-0.84768909727696,-0.503471547808878
0.16647569038775,-0.848595830153743,-0.502089950549128
0.166544017411677,-0.849431330808367,-0.500574806347847
0.1666218873646,-0.850233759359846,-0.498997658209427
0.166699757317522,-0.851036187911325,-0.497420510071007
0.166777627270444,-0.851838616462804,-0.495843361932586
0.166855497223367,-0.852641045014283,-0.494266213794166
0.166933367176289,-0.853443473565762,-0.492689065655745
0.167011237129211,-0.854245902117241,-0.491111917517325
0.167089107082133,-0.855048330668719,-0.489534769378905
0.167166977035056,-0.855850759220198,-0.487957621240484
0.167244846987978,-0.856653187771677,-0.486380473102064
0.1673227169409,-0.857455616323156,-0.484803324963643
0.167400586893822,-0.858258044874635,-0.483226176825223
0.167478456846745,-0.859060473426114,-0.481649028686803
0.167556326799667,-0.859862901977593,-0.480071880548382
0.167634196752589,-0.860665330529072,-0.478494732409962
0.167712066705511,-0.861467759080551,-0.476917584271542
0.167789936658434,-0.86227018763203,-0.475340436133121
0.167867806611356,-0.863072616183509,-0.473763287994701
0.167945676564278,-0.863875044734988,-0.472186139856281
0.1680235465172,-0.864677473286467,-0.47060899171786
0.168101416470123,-0.865479901837946,-0.46903184357944
0.168179286423045,-0.866282330389425,-0.467454695441019
0.168257156375967,-0.867084758940904,-0.465877547302599
0.16833502632889,-0.867887187492383,-0.464300399164179
0.168412896281812,-0.868689616043862,-0.462723251025758
0.168490766234734,-0.86949204459534,-0.461146102887338
0.168568636187656,-0.870294473146819,-0.459568954748917
0.168646506140579,-0.871096901698298,-0.457991806610497
0.168724376093501,-0.871899330249777,-0.456414658472077
0.168802246046423,-0.872701758801256,-0.454837510333656
0.168880115999345,-0.873504187352735,-0.453260362195236
0.168957985952268,-0.874306615904214,-0.451683214056816
0.16903585590519,-0.875109044455693,-0.450106065918395
0.169113725858112,-0.875911473007172,-0.448528917779975
0.169191595811034,-0.876713901558651,-0.446951769641555
0.169269465763957,-0.87751633011013,-0.445374621503134
0.169347335716879,-0.878318758661609,-0.443797473364714
0.169425205669801,-0.879121187213088,-0.442220325226293
0.169503075622723,-0.879923615764567,-0.440643177087873
0.169580945575646,-0.880726044316046,-0.439066028949453
0.169658815528568,-0.881528472867525,-0.437488880811032
0.16973668548149,-0.882330901419003,-0.435911732672612
0.169814555434413,-0.883133329970483,-0.434334584534192
0.169892425387335,-0.883935758521962,-0.432757436395771
0.169970295340257,-0.88473818707344,-0.431180288257351
0.170048165293179,-0.885540615624919,-0.42960314011893
0.170126035246102,-0.886343044176398,-0.42802599198051
0.170203905199024,-0.887145472727877,-0.42644884384209
0.170281775151946,-0.887947901279356,-0.424871695703669
0.170359645104868,-0.888750329830835,-0.423294547565249
0.170437515057791,-0.889552758382314,-0.421717399426828
0.170515385010713,-0.890355186933793,-0.420140251288408
0.170593254963635,-0.891157615485272,-0.418563103149988
0.170671124916557,-0.891960044036751,-0.416985955011567
0.17074899486948,-0.89276247258823,-0.415408806873147
0.170826864822402,-0.893564901139709,-0.413831658734727
0.170904734775324,-0.894367329691188,-0.412254510596306
0.170982604728247,-0.895169758242667,-0.410677362457886
0.171060474681169,-0.895972186794146,-0.409100214319466
0.171138344634091,-0.896774615345625,-0.407523066181045
0.171216214587013,-0.897577043897103,-0.405945918042625
0.171294084539936,-0.898379472448582,-0.404368769904205
0.171401333185621,-0.899078835601551,-0.402607885858777
0.171518058828971,-0.899744951851774,-0.400787732165928
0.171634784472322,-0.900411068101998,-0.398967578473078
0.171751510115673,-0.901077184352221,-0.397147424780228
0.171868235759023,-0.901743300602444,-0.395327271087379
0.171984961402374,-0.902409416852668,-0.39350711739453
0.172101687045725,-0.903075533102891,-0.39168696370168
0.172218412689075,-0.903741649353114,-0.38986681000883
0.172335138332426,-0.904407765603338,-0.388046656315981
0.172451863975777,-0.905073881853561,-0.386226502623132
0.172568589619127,-0.905739998103784,-0.384406348930282
0.172685315262478,-0.906406114354008,-0.382586195237433
0.172802040905828,-0.907072230604231,-0.380766041544583
0.172918766549179,-0.907738346854454,-0.378945887851734
0.17303549219253,-0.908404463104678,-0.377125734158884
0.17315221783588,-0.909070579354901,-0.375305580466035
0.173268943479231,-0.909736695605124,-0.373485426773185
0.173385669122582,-0.910402811855347,-0.371665273080336
0.173502394765932,-0.911068928105571,-0.369845119387487
0.173619120409283,-0.911735044355794,-0.368024965694637
0.173735846052634,-0.912401160606018,-0.366204812001787
0.173852571695984,-0.913067276856241,-0.364384658308938
0.173969297339335,-0.913733393106464,-0.362564504616089
0.174086022982686,-0.914399509356688,-0.360744350923239
0.174202748626036,-0.915065625606911,-0.35892419723039
0.174319474269387,-0.915731741857134,-0.35710404353754
0.174436199912738,-0.916397858107358,-0.355283889844691
0.174552925556088,-0.917063974357581,-0.353463736151841
0.174669651199439,-0.917730090607804,-0.351643582458992
0.174786376842789,-0.918396206858028,-0.349823428766142
0.17490310248614,-0.919062323108251,-0.348003275073293
0.175019828129491,-0.919728439358474,-0.346183121380444
0.175136553772841,-0.920394555608697,-0.344362967687594
0.175253279416192,-0.921060671858921,-0.342542813994745
0.175370005059543,-0.921726788109144,-0.340722660301895
0.175486730702893,-0.922392904359367,-0.338902506609046
0.175603456346244,-0.923059020609591,-0.337082352916196
0.175720181989595,-0.923725136859814,-0.335262199223347
0.175836907632945,-0.924391253110037,-0.333442045530497
0.175953633276296,-0.925057369360261,-0.331621891837648
0.176070358919647,-0.925723485610484,-0.329801738144798
0.176187084562997,-0.926389601860707,-0.327981584451949
0.176303810206348,-0.927055718110931,-0.326161430759099
0.176420535849698,-0.927721834361154,-0.32434127706625
0.176537261493049,-0.928387950611377,-0.322521123373401
0.1766539871364,-0.929054066861601,-0.320700969680551
0.17677071277975,-0.929720183111824,-0.318880815987702
0.176887438423101,-0.930386299362047,-0.317060662294852
0.177004164066452,-0.931052415612271,-0.315240508602003
0.177120889709802,-0.931718531862494,-0.313420354909153
0.177237615353153,-0.932384648112717,-0.311600201216304
0.177354340996504,-0.933050764362941,-0.309780047523454
0.177471066639854,-0.933716880613164,-0.307959893830605
0.177587792283205,-0.934382996863387,-0.306139740137755
0.177704517926556,-0.93504911311361,-0.304319586444906
0.177821243569906,-0.935715229363834,-0.302499432752056
0.177937969213257,-0.936381345614057,-0.300679279059207
0.178054694856607,-0.93704746186428,-0.298859125366358
0.178171420499958,-0.937713578114504,-0.297038971673508
0.178288146143309,-0.938379694364727,-0.295218817980659
0.178404871786659,-0.93904581061495,-0.293398664287809
0.17852159743001,-0.939711926865174,-0.29157851059496
0.178683750017415,-0.940217066252499,-0.289490415853701
0.178855255210949,-0.940689063344522,-0.287347156778946
0.179026760404483,-0.941161060436544,-0.285203897704192
0.179198265598016,-0.941633057528567,-0.283060638629437
0.17936977079155,-0.94210505462059,-0.280917379554683
0.179541275985084,-0.942577051712613,-0.278774120479928
0.179712781178618,-0.943049048804636,-0.276630861405173
0.179884286372152,-0.943521045896658,-0.274487602330419
0.180055791565685,-0.943993042988681,-0.272344343255664
0.180227296759219,-0.944465040080704,-0.270201084180909
0.180398801952753,-0.944937037172727,-0.268057825106155
0.180570307146287,-0.94540903426475,-0.2659145660314
0.180741812339821,-0.945881031356772,-0.263771306956645
0.180913317533354,-0.946353028448795,-0.261628047881891
0.181084822726888,-0.946825025540818,-0.259484788807136
0.181256327920422,-0.947297022632841,-0.257341529732381
0.181427833113956,-0.947769019724863,-0.255198270657627
0.18159933830749,-0.948241016816886,-0.253055011582872
0.181770843501023,-0.948713013908909,-0.250911752508118
0.181942348694557,-0.949185011000932,-0.248768493433363
0.182113853888091,-0.949657008092954,-0.246625234358608
0.182285359081625,-0.950129005184977,-0.244481975283854
0.182456864275159,-0.950601002277,-0.242338716209099
0.182628369468692,-0.951072999369023,-0.240195457134345
0.182799874662226,-0.951544996461046,-0.23805219805959
0.18297137985576,-0.952016993553068,-0.235908938984835
0.183142885049294,-0.952488990645091,-0.233765679910081
0.183314390242828,-0.952960987737114,-0.231622420835326
0.183485895436361,-0.953432984829137,-0.229479161760571
0.183657400629895,-0.95390498192116,-0.227335902685817
0.183828905823429,-0.954376979013182,-0.225192643611062
0.184000411016963,-0.954848976105205,-0.223049384536307
0.184171916210497,-0.955320973197228,-0.220906125461553
0.18434342140403,-0.955792970289251,-0.218762866386798
0.184514926597564,-0.956264967381273,-0.216619607312043
0.184686431791098,-0.956736964473296,-0.214476348237289
0.184857936984632,-0.957208961565319,-0.212333089162534
0.185029442178166,-0.957680958657342,-0.21018983008778
0.185200947371699,-0.958152955749365,-0.208046571013025
0.185372452565233,-0.958624952841387,-0.205903311938271
0.185543957758767,-0.95909694993341,-0.203760052863516
0.185715462952301,-0.959568947025433,-0.201616793788761
0.185886968145835,-0.960040944117456,-0.199473534714007
0.186058473339368,-0.960512941209478,-0.197330275639252
0.186229978532902,-0.960984938301501,-0.195187016564497
0.186401483726436,-0.961456935393524,-0.193043757489743
0.18657298891997,-0.961928932485547,-0.190900498414988
0.186744494113504,-0.962400929577569,-0.188757239340233
0.186915999307037,-0.962872926669592,-0.186613980265479
0.187087504500571,-0.963344923761615,-0.184470721190724
0.187259009694105,-0.963816920853638,-0.182327462115969
0.187430514887639,-0.964288917945661,-0.180184203041215
0.187602020081173,-0.964760915037683,-0.17804094396646
0.187773525274706,-0.965232912129706,-0.175897684891706
0.18794503046824,-0.965704909221729,-0.173754425816951
0.188116535661774,-0.966176906313752,-0.171611166742196
0.188288040855308,-0.966648903405774,-0.169467907667442
0.188459546048842,-0.967120900497797,-0.167324648592687
0.188631051242375,-0.96759289758982,-0.165181389517933
0.188802556435909,-0.968064894681843,-0.163038130443178
0.188974061629443,-0.968536891773866,-0.160894871368423
0.189145566822977,-0.969008888865888,-0.158751612293669
0.189397261039673,-0.96919534024689,-0.156171625783222
0.189657624339954,-0.969350921821294,-0.153544425495943
0.189917987640236,-0.969506503395698,-0.150917225208664
0.190178350940517,-0.969662084970102,-0.148290024921386
0.190438714240799,-0.969817666544507,-0.145662824634107
0.19069907754108,-0.969973248118911,-0.143035624346829
0.190959440841361,-0.970128829693315,-0.140408424059551
0.191219804141643,-0.97028441126772,-0.137781223772272
0.191480167441924,-0.970439992842124,-0.135154023484993
0.191740530742206,-0.970595574416528,-0.132526823197715
0.192000894042487,-0.970751155990933,-0.129899622910436
0.192261257342769,-0.970906737565337,-0.127272422623158
0.19252162064305,-0.971062319139741,-0.124645222335879
0.192781983943331,-0.971217900714146,-0.122018022048601
0.193042347243613,-0.97137348228855,-0.119390821761322
0.193302710543894,-0.971529063862954,-0.116763621474044
0.193563073844176,-0.971684645437358,-0.114136421186765
0.193823437144457,-0.971840227011763,-0.111509220899486
0.194083800444738,-0.971995808586167,-0.108882020612208
0.19434416374502,-0.972151390160571,-0.10625482032493
0.194604527045301,-0.972306971734976,-0.103627620037651
0.194864890345583,-0.97246255330938,-0.101000419750372
0.195125253645864,-0.972618134883784,-0.098373219463094
0.195385616946145,-0.972773716458189,-0.0957460191758153
0.195645980246427,-0.972929298032593,-0.0931188188885366
0.195906343546708,-0.973084879606997,-0.0904916186012584
0.19616670684699,-0.973240461181402,-0.0878644183139797
0.196427070147271,-0.973396042755806,-0.085237218026701
0.196687433447552,-0.97355162433021,-0.0826100177394229
0.196947796747834,-0.973707205904615,-0.0799828174521442
0.197208160048115,-0.973862787479019,-0.0773556171648654
0.197468523348397,-0.974018369053423,-0.0747284168775873
0.197728886648678,-0.974173950627828,-0.0721012165903086
0.197989249948959,-0.974329532202232,-0.0694740163030299
0.198249613249241,-0.974485113776636,-0.0668468160157512
0.198509976549522,-0.97464069535104,-0.064219615728473
0.198770339849804,-0.974796276925445,-0.0615924154411943
0.199030703150085,-0.974951858499849,-0.0589652151539156
0.199291066450366,-0.975107440074253,-0.0563380148666375
0.199551429750648,-0.975263021648658,-0.0537108145793588
0.199811793050929,-0.975418603223062,-0.05108361429208
0.200072156351211,-0.975574184797466,-0.0484564140048019
0.200332519651492,-0.975729766371871,-0.0458292137175232
0.200592882951774,-0.975885347946275,-0.0432020134302445
0.200853246252055,-0.976040929520679,-0.0405748131429664
0.201113609552336,-0.976196511095083,-0.0379476128556876
0.201373972852618,-0.976352092669488,-0.0353204125684089
0.201634336152899,-0.976507674243892,-0.0326932122811308
0.201894699453181,-0.976663255818296,-0.0300660119938521
0.202155062753462,-0.976818837392701,-0.0274388117065734
0.202415426053743,-0.976974418967105,-0.0248116114192946
0.202675789354025,-0.977130000541509,-0.0221844111320165
0.202936152654306,-0.977285582115914,-0.0195572108447378
0.203196515954588,-0.977441163690318,-0.0169300105574591
0.203456879254869,-0.977596745264722,-0.0143028102701809
0.20371724255515,-0.977752326839127,-0.0116756099829022
0.203977605855432,-0.977907908413531,-0.00904840969562351
0.204237969155713,-0.978063489987935,-0.0064212094083454
0.204498332455995,-0.97821907156234,-0.00379400912106667
0.204758695756276,-0.978374653136744,-0.00116680883378795
0.205019059056557,-0.978530234711148,0.00146039145349017
0.205279422356839,-0.978685816285553,0.00408759174076889
0.205811820175996,-0.977221773219136,0.0103660524450832
0.206351018858125,-0.9757172395367,0.0167357946598235
0.206890217540254,-0.974212705854263,0.0231055368745624
0.207429416222382,-0.972708172171826,0.0294752790893028
0.207968614904511,-0.97120363848939,0.0358450213040431
0.20850781358664,-0.969699104806953,0.042214763518782
0.209047012268769,-0.968194571124517,0.0485845057335223
0.209586210950898,-0.96669003744208,0.0549542479482626
0.210125409633027,-0.965185503759643,0.0613239901630015
0.210664608315156,-0.963680970077206,0.0676937323777418
0.211203806997284,-0.96217643639477,0.0740634745924822
0.211743005679413,-0.960671902712333,0.0804332168072211
0.212282204361542,-0.959167369029896,0.0868029590219614
0.212821403043671,-0.95766283534746,0.0931727012367017
0.2133606017258,-0.956158301665023,0.0995424434514406
0.213899800407929,-0.954653767982586,0.105912185666181
0.214438999090058,-0.95314923430015,0.112281927880921
0.214978197772186,-0.951644700617713,0.118651670095662
0.215517396454315,-0.950140166935277,0.1250214123104
0.216056595136444,-0.94863563325284,0.131391154525141
0.216595793818573,-0.947131099570403,0.137760896739881
0.217134992500702,-0.945626565887967,0.14413063895462
0.217674191182831,-0.94412203220553,0.15050038116936
0.21821338986496,-0.942617498523093,0.156870123384101
0.218752588547088,-0.941112964840657,0.16323986559884
0.219291787229217,-0.93960843115822,0.16960960781358
0.219830985911346,-0.938103897475783,0.17597935002832
0.220370184593475,-0.936599363793347,0.182349092243059
0.220909383275604,-0.93509483011091,0.188718834457799
0.221448581957733,-0.933590296428473,0.19508857667254
0.221987780639861,-0.932085762746037,0.201458318887279
0.22252697932199,-0.9305812290636,0.207828061102019
0.223066178004119,-0.929076695381163,0.214197803316759
0.223605376686248,-0.927572161698726,0.220567545531499
0.224144575368377,-0.92606762801629,0.226937287746238
0.224683774050506,-0.924563094333853,0.233307029960979
0.225222972732635,-0.923058560651416,0.239676772175719
0.225762171414763,-0.92155402696898,0.246046514390458
0.226301370096892,-0.920049493286543,0.252416256605198
0.226840568779021,-0.918544959604106,0.258785998819939
0.22737976746115,-0.91704042592167,0.265155741034677
0.227918966143279,-0.915535892239233,0.271525483249418
0.228458164825408,-0.914031358556796,0.277895225464158
0.228997363507537,-0.91252682487436,0.284264967678897
0.229536562189665,-0.911022291191923,0.290634709893637
0.230075760871794,-0.909517757509486,0.297004452108378
0.230614959553923,-0.90801322382705,0.303374194323117
0.231154158236052,-0.906508690144613,0.309743936537857
0.231693356918181,-0.905004156462177,0.316113678752597
0.23223255560031,-0.90349962277974,0.322483420967337
0.232771754282439,-0.901995089097303,0.328853163182076
0.233310952964567,-0.900490555414866,0.335222905396817
0.233850151646696,-0.89898602173243,0.341592647611557
0.234389350328825,-0.897481488049993,0.347962389826296
0.234928549010954,-0.895976954367556,0.354332132041036
0.235467747693083,-0.89447242068512,0.360701874255776
0.236006946375212,-0.892967887002683,0.367071616470515
0.236546145057341,-0.891463353320246,0.373441358685256
0.237085343739469,-0.88995881963781,0.379811100899996
0.237624542421598,-0.888454285955373,0.386180843114735
0.238163741103727,-0.886949752272936,0.392550585329475
0.23876956574745,-0.885243290026576,0.398898359721174
0.240674596642265,-0.879599220783704,0.404817761563561
0.24257962753708,-0.873955151540833,0.410737163405946
0.244484658431895,-0.86831108229796,0.416656565248333
0.246389689326709,-0.862667013055088,0.422575967090719
0.248294720221524,-0.857022943812217,0.428495368933105
0.250199751116339,-0.851378874569345,0.434414770775491
0.252104782011154,-0.845734805326473,0.440334172617878
0.254009812905968,-0.840090736083602,0.446253574460263
0.255914843800783,-0.83444666684073,0.45217297630265
0.257819874695598,-0.828802597597858,0.458092378145037
0.259724905590412,-0.823158528354987,0.464011779987422
0.261629936485227,-0.817514459112114,0.469931181829809
0.263534967380042,-0.811870389869242,0.475850583672195
0.265439998274856,-0.806226320626371,0.481769985514581
0.267345029169671,-0.800582251383499,0.487689387356967
0.269250060064486,-0.794938182140627,0.493608789199354
0.271155090959301,-0.789294112897755,0.49952819104174
0.273060121854115,-0.783650043654884,0.505447592884126
0.27496515274893,-0.778005974412011,0.511366994726513
0.276870183643745,-0.772361905169139,0.517286396568899
0.278775214538559,-0.766717835926268,0.523205798411284
0.280680245433374,-0.761073766683396,0.529125200253671
0.282585276328189,-0.755429697440524,0.535044602096058
0.284490307223004,-0.749785628197653,0.540964003938443
0.286395338117818,-0.744141558954781,0.54688340578083
0.288300369012633,-0.738497489711909,0.552802807623216
0.290205399907448,-0.732853420469038,0.558722209465602
0.292110430802263,-0.727209351226165,0.564641611307988
0.294015461697077,-0.721565281983293,0.570561013150375
0.295920492591892,-0.715921212740422,0.57648041499276
0.297825523486707,-0.71027714349755,0.582399816835147
0.299730554381521,-0.704633074254678,0.588319218677534
0.301635585276336,-0.698989005011806,0.59423862051992
0.303540616171151,-0.693344935768935,0.600158022362306
0.305445647065966,-0.687700866526062,0.606077424204692
0.30735067796078,-0.68205679728319,0.611996826047079
0.309255708855595,-0.676412728040319,0.617916227889464
0.31116073975041,-0.670768658797447,0.623835629731851
0.313065770645225,-0.665124589554575,0.629755031574238
0.314970801540039,-0.659480520311704,0.635674433416623
0.316875832434854,-0.653836451068832,0.64159383525901
0.318780863329669,-0.648192381825959,0.647513237101396
0.320685894224483,-0.642548312583089,0.653432638943782
0.322590925119298,-0.636904243340216,0.659352040786168
0.324495956014113,-0.631260174097344,0.665271442628555
0.326400986908927,-0.625616104854473,0.67119084447094
0.328306017803742,-0.619972035611601,0.677110246313327
0.330211048698557,-0.614327966368729,0.683029648155714
0.332116079593372,-0.608683897125857,0.6889490499981
0.334021110488186,-0.603039827882986,0.694868451840486
0.335926141383001,-0.597395758640113,0.700787853682872
0.337831172277816,-0.591751689397241,0.706707255525259
0.33973620317263,-0.58610762015437,0.712626657367644
0.341641234067445,-0.580463550911498,0.718546059210031
0.34354626496226,-0.574819481668626,0.724465461052418
0.345451295857075,-0.569175412425755,0.730384862894803
0.347356326751889,-0.563531343182883,0.736304264737189
0.349261357646704,-0.55788727394001,0.742223666579576
0.351166388541519,-0.55224320469714,0.748143068421961
0.353071419436334,-0.546599135454267,0.754062470264348
0.354976450331148,-0.540955066211395,0.759981872106735
0.356633119481715,-0.535200711121094,0.765500387933227
0.356501584073698,-0.528652297929311,0.768132524445283
0.356370048665681,-0.522103884737526,0.770764660957339
0.356238513257664,-0.515555471545741,0.773396797469396
0.356106977849647,-0.509007058353958,0.776028933981452
0.35597544244163,-0.502458645162173,0.778661070493508
0.355843907033613,-0.495910231970388,0.781293207005564
0.355712371625596,-0.489361818778604,0.78392534351762
0.355580836217579,-0.48281340558682,0.786557480029676
0.355449300809562,-0.476264992395035,0.789189616541733
0.355317765401545,-0.469716579203251,0.791821753053789
0.355186229993528,-0.463168166011466,0.794453889565845
0.355054694585511,-0.456619752819681,0.797086026077902
0.354923159177494,-0.450071339627898,0.799718162589957
0.354791623769477,-0.443522926436113,0.802350299102014
0.35466008836146,-0.436974513244328,0.80498243561407
0.354528552953443,-0.430426100052543,0.807614572126127
0.354397017545426,-0.42387768686076,0.810246708638183
0.354265482137409,-0.417329273668975,0.812878845150239
0.354133946729392,-0.41078086047719,0.815510981662295
0.354002411321375,-0.404232447285407,0.818143118174351
0.353870875913358,-0.397684034093622,0.820775254686407
0.353739340505341,-0.391135620901837,0.823407391198464
0.353607805097324,-0.384587207710053,0.82603952771052
0.353476269689307,-0.378038794518268,0.828671664222576
0.35334473428129,-0.371490381326483,0.831303800734633
0.353213198873273,-0.3649419681347,0.833935937246688
0.353081663465256,-0.358393554942915,0.836568073758745
0.352950128057239,-0.35184514175113,0.839200210270801
0.352818592649222,-0.345296728559347,0.841832346782857
0.352687057241205,-0.338748315367562,0.844464483294913
0.352555521833188,-0.332199902175777,0.84709661980697
0.352423986425171,-0.325651488983992,0.849728756319026
0.352292451017154,-0.319103075792209,0.852360892831082
0.352160915609137,-0.312554662600424,0.854993029343138
0.35202938020112,-0.306006249408639,0.857625165855195
0.351897844793103,-0.299457836216855,0.860257302367251
0.351766309385086,-0.29290942302507,0.862889438879307
0.351634773977069,-0.286361009833286,0.865521575391363
0.351503238569052,-0.279812596641502,0.868153711903419
0.351371703161035,-0.273264183449717,0.870785848415476
0.351240167753018,-0.266715770257932,0.873417984927532
0.351108632345001,-0.260167357066149,0.876050121439588
0.350977096936984,-0.253618943874364,0.878682257951644
0.350845561528967,-0.247070530682579,0.881314394463701
0.350714026120949,-0.240522117490796,0.883946530975756
0.350582490712932,-0.233973704299011,0.886578667487813
0.350450955304915,-0.227425291107226,0.889210803999869
0.350319419896898,-0.220876877915441,0.891842940511926
0.350187884488881,-0.214328464723657,0.894475077023981
0.350056349080864,-0.207780051531873,0.897107213536038
0.349924813672847,-0.201231638340088,0.899739350048094
0.34979327826483,-0.194683225148304,0.90237148656015
0.349661742856813,-0.188134811956519,0.905003623072206
0.349530207448796,-0.181586398764734,0.907635759584263
0.349398672040779,-0.175037985572951,0.910267896096319
0.349267136632762,-0.168489572381166,0.912900032608375
0.349135601224745,-0.161941159189381,0.915532169120432
0.349004065816728,-0.155392745997598,0.918164305632487
0.348872530408711,-0.148844332805813,0.920796442144544
0.348740995000694,-0.142295919614028,0.9234285786566
0.348609459592677,-0.135747506422243,0.926060715168657
0.348397106202206,-0.13024823629936,0.928239885302405
0.347851378634108,-0.129076681335689,0.928550569125638
0.347305651066011,-0.127905126372019,0.928861252948871
0.346759923497914,-0.126733571408349,0.929171936772104
0.346214195929817,-0.125562016444678,0.929482620595337
0.34566846836172,-0.124390461481008,0.92979330441857
0.345122740793623,-0.123218906517337,0.930103988241802
0.344577013225525,-0.122047351553667,0.930414672065035
0.344031285657428,-0.120875796589996,0.930725355888268
0.343485558089331,-0.119704241626326,0.931036039711501
0.342939830521234,-0.118532686662656,0.931346723534733
0.342394102953137,-0.117361131698985,0.931657407357966
0.34184837538504,-0.116189576735315,0.931968091181199
0.341302647816942,-0.115018021771644,0.932278775004432
0.340756920248845,-0.113846466807974,0.932589458827665
0.340211192680748,-0.112674911844303,0.932900142650897
0.339665465112651,-0.111503356880633,0.93321082647413
0.339119737544554,-0.110331801916963,0.933521510297363
0.338574009976456,-0.109160246953292,0.933832194120596
0.338028282408359,-0.107988691989622,0.934142877943829
0.337482554840262,-0.106817137025951,0.934453561767061
0.336936827272165,-0.105645582062281,0.934764245590294
0.336391099704068,-0.104474027098611,0.935074929413527
0.335845372135971,-0.10330247213494,0.93538561323676
0.335299644567873,-0.10213091717127,0.935696297059993
0.334753916999776,-0.100959362207599,0.936006980883225
0.334208189431679,-0.0997878072439289,0.936317664706458
0.333662461863582,-0.0986162522802584,0.936628348529691
0.333116734295485,-0.0974446973165881,0.936939032352924
0.332571006727388,-0.0962731423529177,0.937249716176157
0.33202527915929,-0.0951015873892471,0.937560399999389
0.331479551591193,-0.0939300324255766,0.937871083822622
0.330933824023096,-0.0927584774619064,0.938181767645855
0.330388096454999,-0.0915869224982359,0.938492451469088
0.329842368886902,-0.0904153675345654,0.938803135292321
0.329296641318805,-0.0892438125708952,0.939113819115553
0.328750913750707,-0.0880722576072247,0.939424502938786
0.32820518618261,-0.0869007026435542,0.939735186762019
0.327659458614513,-0.0857291476798839,0.940045870585252
0.327113731046416,-0.0845575927162134,0.940356554408485
0.326568003478319,-0.0833860377525429,0.940667238231717
0.326022275910222,-0.0822144827888727,0.94097792205495
0.325476548342124,-0.0810429278252022,0.941288605878183
0.324930820774027,-0.0798713728615317,0.941599289701416
0.32438509320593,-0.0786998178978615,0.941909973524649
0.323839365637833,-0.077528262934191,0.942220657347881
0.323293638069736,-0.0763567079705205,0.942531341171114
0.322747910501639,-0.07518515300685,0.942842024994347
0.322202182933541,-0.0740135980431797,0.94315270881758
0.321656455365444,-0.0728420430795092,0.943463392640813
0.321110727797347,-0.0716704881158387,0.943774076464046
0.32056500022925,-0.0704989331521685,0.944084760287278
0.320019272661153,-0.069327378188498,0.944395444110511
0.319473545093056,-0.0681558232248275,0.944706127933744
0.318927817524958,-0.0669842682611573,0.945016811756977
0.318382089956861,-0.0658127132974868,0.945327495580209
0.317836362388764,-0.0646411583338163,0.945638179403442
0.317290634820667,-0.063469603370146,0.945948863226675
0.31674490725257,-0.0622980484064755,0.946259547049908
0.316199179684473,-0.061126493442805,0.946570230873141
0.315653452116375,-0.0599549384791348,0.946880914696373
0.315107724548278,-0.0587833835154643,0.947191598519606
0.31463821635513,-0.0578917554481004,0.947443494532886
0.314376579184568,-0.0577635643706635,0.947535060155387
0.314114942014006,-0.0576353732932266,0.947626625777887
0.313853304843444,-0.0575071822157897,0.947718191400387
0.313591667672883,-0.0573789911383529,0.947809757022887
0.313330030502321,-0.057250800060916,0.947901322645388
0.313068393331759,-0.0571226089834791,0.947992888267888
0.312806756161197,-0.0569944179060422,0.948084453890388
0.312545118990636,-0.0568662268286053,0.948176019512888
0.312283481820074,-0.0567380357511685,0.948267585135389
0.312021844649512,-0.0566098446737316,0.948359150757889
0.31176020747895,-0.0564816535962947,0.948450716380389
0.311498570308389,-0.0563534625188578,0.948542282002889
0.311236933137827,-0.0562252714414209,0.94863384762539
0.310975295967265,-0.056097080363984,0.94872541324789
0.310713658796703,-0.0559688892865472,0.94881697887039
0.310452021626141,-0.0558406982091103,0.94890854449289
0.31019038445558,-0.0557125071316734,0.949000110115391
0.309928747285018,-0.0555843160542365,0.949091675737891
0.309667110114456,-0.0554561249767996,0.949183241360391
0.309405472943894,-0.0553279338993628,0.949274806982892
0.309143835773333,-0.0551997428219259,0.949366372605392
0.308882198602771,-0.055071551744489,0.949457938227892
0.308620561432209,-0.0549433606670521,0.949549503850392
0.308358924261647,-0.0548151695896152,0.949641069472892
0.308097287091086,-0.0546869785121784,0.949732635095393
0.307835649920524,-0.0545587874347415,0.949824200717893
0.307574012749962,-0.0544305963573046,0.949915766340393
0.3073123755794,-0.0543024052798677,0.950007331962893
0.307050738408839,-0.0541742142024308,0.950098897585394
0.306789101238277,-0.0540460231249939,0.950190463207894
0.306527464067715,-0.0539178320475571,0.950282028830394
0.306265826897153,-0.0537896409701202,0.950373594452894
0.306004189726592,-0.0536614498926833,0.950465160075395
0.30574255255603,-0.0535332588152464,0.950556725697895
0.305480915385468,-0.0534050677378096,0.950648291320395
0.305219278214906,-0.0532768766603727,0.950739856942895
0.304957641044345,-0.0531486855829358,0.950831422565396
0.304696003873783,-0.0530204945054989,0.950922988187896
0.304434366703221,-0.052892303428062,0.951014553810396
0.304172729532659,-0.0527641123506252,0.951106119432896
0.303911092362098,-0.0526359212731883,0.951197685055397
0.303649455191536,-0.0525077301957514,0.951289250677897
0.303387818020974,-0.0523795391183145,0.951380816300397
0.303126180850412,-0.0522513480408776,0.951472381922897
0.302864543679851,-0.0521231569634407,0.951563947545398
0.302602906509289,-0.0519949658860039,0.951655513167898
0.302341269338727,-0.051866774808567,0.951747078790398
0.302079632168165,-0.0517385837311301,0.951838644412898
0.301817994997604,-0.0516103926536932,0.951930210035399
0.301556357827042,-0.0514822015762563,0.952021775657899
0.30129472065648,-0.0513540104988195,0.952113341280399
0.301033083485918,-0.0512258194213826,0.9522049069029
0.300771446315357,-0.0510976283439457,0.9522964725254
0.300509809144795,-0.0509694372665088,0.9523880381479
0.300248171974233,-0.0508412461890719,0.9524796037704
0.299986534803671,-0.0507130551116351,0.9525711693929
0.29972489763311,-0.0505848640341982,0.952662735015401
0.299463260462548,-0.0504566729567613,0.952754300637901
0.299201623291986,-0.0503284818793244,0.952845866260401
0.298939986121424,-0.0502002908018875,0.952937431882901
0.298678348950863,-0.0500720997244506,0.953028997505402
0.298435580253883,-0.0499557625941049,0.953112406470542
0.298229200755953,-0.0498622866474347,0.953180084739346
0.298022821258024,-0.0497688107007645,0.95324776300815
0.297816441760095,-0.0496753347540944,0.953315441276953
0.297610062262166,-0.0495818588074242,0.953383119545757
0.297403682764236,-0.049488382860754,0.953450797814561
0.297197303266307,-0.0493949069140839,0.953518476083364
0.296990923768378,-0.0493014309674137,0.953586154352168
0.296784544270449,-0.0492079550207436,0.953653832620972
0.29657816477252,-0.0491144790740734,0.953721510889776
0.29637178527459,-0.0490210031274032,0.953789189158579
0.296165405776661,-0.0489275271807331,0.953856867427383
0.295959026278732,-0.0488340512340629,0.953924545696187
0.295752646780803,-0.0487405752873927,0.95399222396499
0.295546267282873,-0.0486470993407226,0.954059902233794
0.295339887784944,-0.0485536233940525,0.954127580502598
0.295133508287015,-0.0484601474473823,0.954195258771402
0.294927128789086,-0.0483666715007121,0.954262937040205
0.294720749291157,-0.048273195554042,0.954330615309009
0.294514369793227,-0.0481797196073718,0.954398293577813
0.294307990295298,-0.0480862436607016,0.954465971846616
0.294101610797369,-0.0479927677140314,0.95453365011542
0.29389523129944,-0.0478992917673613,0.954601328384224
0.29368885180151,-0.0478058158206911,0.954669006653027
0.293482472303581,-0.047712339874021,0.954736684921831
0.293276092805652,-0.0476188639273508,0.954804363190635
0.293069713307723,-0.0475253879806807,0.954872041459439
0.292863333809793,-0.0474319120340105,0.954939719728242
0.292656954311864,-0.0473384360873403,0.955007397997046
0.292450574813935,-0.0472449601406702,0.95507507626585
0.292244195316006,-0.047151484194,0.955142754534653
0.292037815818077,-0.0470580082473299,0.955210432803457
0.291831436320147,-0.0469645323006597,0.955278111072261
0.291625056822218,-0.0468710563539895,0.955345789341065
0.291418677324289,-0.0467775804073194,0.955413467609868
0.29121229782636,-0.0466841044606492,0.955481145878672
0.29100591832843,-0.046590628513979,0.955548824147476
0.290799538830501,-0.0464971525673089,0.955616502416279
0.290593159332572,-0.0464036766206387,0.955684180685083
0.290386779834643,-0.0463102006739686,0.955751858953887
0.290180400336714,-0.0462167247272984,0.955819537222691
0.289974020838784,-0.0461232487806283,0.955887215491494
0.289767641340855,-0.0460297728339581,0.955954893760298
0.289561261842926,-0.0459362968872879,0.956022572029102
0.289354882344997,-0.0458428209406178,0.956090250297905
0.289148502847067,-0.0457493449939476,0.956157928566709
0.288942123349138,-0.0456558690472774,0.956225606835513
0.288735743851209,-0.0455623931006073,0.956293285104317
0.28852936435328,-0.0454689171539371,0.95636096337312
0.288322984855351,-0.045375441207267,0.956428641641924
0.288116605357421,-0.0452819652605968,0.956496319910728
0.287910225859492,-0.0451884893139266,0.956563998179531
0.287703846361563,-0.0450950133672565,0.956631676448335
0.287497466863634,-0.0450015374205863,0.956699354717139
0.287291087365704,-0.0449080614739161,0.956767032985943
0.287084707867775,-0.044814585527246,0.956834711254746
0.286878328369846,-0.0447211095805758,0.95690238952355
0.286671948871917,-0.0446276336339057,0.956970067792354
0.286465569373988,-0.0445341576872355,0.957037746061157
0.286259189876058,-0.0444406817405653,0.957105424329961
0.286052810378129,-0.0443472057938952,0.957173102598765
0.2858464308802,-0.044253729847225,0.957240780867569
0.285658142941352,-0.0441685073699783,0.957301526217068
0.28549539602709,-0.0440949368495649,0.957352483915785
0.285332649112828,-0.0440213663291514,0.957403441614502
0.285169902198565,-0.0439477958087379,0.957454399313219
0.285007155284303,-0.0438742252883244,0.957505357011935
0.284844408370041,-0.0438006547679109,0.957556314710652
0.284681661455779,-0.0437270842474974,0.957607272409369
0.284518914541516,-0.0436535137270839,0.957658230108086
0.284356167627254,-0.0435799432066704,0.957709187806803
0.284193420712992,-0.0435063726862569,0.95776014550552
0.28403067379873,-0.0434328021658435,0.957811103204237
0.283867926884468,-0.04335923164543,0.957862060902953
0.283705179970205,-0.0432856611250165,0.95791301860167
0.283542433055943,-0.043212090604603,0.957963976300387
0.283379686141681,-0.0431385200841895,0.958014933999104
0.283216939227419,-0.043064949563776,0.958065891697821
0.283054192313156,-0.0429913790433625,0.958116849396538
0.282891445398894,-0.042917808522949,0.958167807095255
0.282728698484632,-0.0428442380025355,0.958218764793971
0.28256595157037,-0.042770667482122,0.958269722492688
0.282403204656107,-0.0426970969617085,0.958320680191405
0.282240457741845,-0.042623526441295,0.958371637890122
0.282077710827583,-0.0425499559208816,0.958422595588839
0.281914963913321,-0.0424763854004681,0.958473553287556
0.281752216999058,-0.0424028148800546,0.958524510986273
0.281589470084796,-0.0423292443596411,0.958575468684989
0.281426723170534,-0.0422556738392276,0.958626426383706
0.281263976256272,-0.0421821033188141,0.958677384082423
0.28110122934201,-0.0421085327984006,0.95872834178114
0.280938482427747,-0.0420349622779871,0.958779299479857
0.280775735513485,-0.0419613917575736,0.958830257178574
0.280612988599223,-0.0418878212371601,0.958881214877291
0.280450241684961,-0.0418142507167466,0.958932172576007
0.280287494770698,-0.0417406801963332,0.958983130274724
0.280124747856436,-0.0416671096759197,0.959034087973441
0.279962000942174,-0.0415935391555062,0.959085045672158
0.279799254027912,-0.0415199686350927,0.959136003370875
0.279636507113649,-0.0414463981146792,0.959186961069592
0.279473760199387,-0.0413728275942657,0.959237918768309
0.279311013285125,-0.0412992570738522,0.959288876467025
0.279148266370863,-0.0412256865534387,0.959339834165742
0.2789855194566,-0.0411521160330252,0.959390791864459
0.278822772542338,-0.0410785455126117,0.959441749563176
0.278660025628076,-0.0410049749921983,0.959492707261893
0.278497278713814,-0.0409314044717847,0.95954366496061
0.278334531799551,-0.0408578339513713,0.959594622659327
0.278171784885289,-0.0407842634309578,0.959645580358044
0.278009037971027,-0.0407106929105443,0.95969653805676
0.277846291056765,-0.0406371223901308,0.959747495755477
0.277683544142503,-0.0405635518697173,0.959798453454194
0.27752079722824,-0.0404899813493038,0.959849411152911
0.277358050313978,-0.0404164108288903,0.959900368851628
0.277195303399716,-0.0403428403084768,0.959951326550345
0.277032556485454,-0.0402692697880633,0.960002284249062
0.276869809571191,-0.0401956992676498,0.960053241947778
0.276707062656929,-0.0401221287472363,0.960104199646495
0.276544315742667,-0.0400485582268229,0.960155157345212
0.276381568828405,-0.0399749877064094,0.960206115043929
0.276218821914142,-0.0399014171859959,0.960257072742646
0.27605607499988,-0.0398278466655824,0.960308030441363
0.275893328085618,-0.0397542761451689,0.960358988140079
0.275730581171356,-0.0396807056247554,0.960409945838796
0.275584923582501,-0.0396132718121714,0.960454844475356
0.275457209785325,-0.0395522815428084,0.960493381096651
0.275329495988149,-0.0394912912734454,0.960531917717946
0.275201782190973,-0.0394303010040824,0.960570454339242
0.275074068393797,-0.0393693107347194,0.960608990960536
0.274946354596621,-0.0393083204653564,0.960647527581832
0.274818640799445,-0.0392473301959934,0.960686064203127
0.274690927002269,-0.0391863399266305,0.960724600824422
0.274563213205093,-0.0391253496572674,0.960763137445717
0.274435499407917,-0.0390643593879044,0.960801674067012
0.274307785610741,-0.0390033691185415,0.960840210688307
0.274180071813565,-0.0389423788491784,0.960878747309602
0.274052358016389,-0.0388813885798155,0.960917283930897
0.273924644219213,-0.0388203983104525,0.960955820552192
0.273796930422037,-0.0387594080410895,0.960994357173487
0.273669216624861,-0.0386984177717265,0.961032893794782
0.273541502827685,-0.0386374275023635,0.961071430416077
0.273413789030509,-0.0385764372330005,0.961109967037372
0.273286075233333,-0.0385154469636375,0.961148503658668
0.273158361436157,-0.0384544566942745,0.961187040279963
0.273030647638981,-0.0383934664249115,0.961225576901258
0.272902933841805,-0.0383324761555485,0.961264113522553
0.272775220044629,-0.0382714858861855,0.961302650143848
0.272647506247453,-0.0382104956168225,0.961341186765143
0.272519792450277,-0.0381495053474595,0.961379723386438
0.272392078653101,-0.0380885150780965,0.961418260007733
0.272264364855925,-0.0380275248087335,0.961456796629028
0.272136651058749,-0.0379665345393705,0.961495333250323
0.272008937261573,-0.0379055442700075,0.961533869871618
0.271881223464397,-0.0378445540006445,0.961572406492913
0.271753509667221,-0.0377835637312815,0.961610943114208
0.271625795870045,-0.0377225734619185,0.961649479735504
0.271498082072869,-0.0376615831925555,0.961688016356799
0.271370368275693,-0.0376005929231925,0.961726552978094
0.271242654478517,-0.0375396026538295,0.961765089599389
0.271114940681341,-0.0374786123844665,0.961803626220684
0.270987226884165,-0.0374176221151035,0.961842162841979
0.270859513086989,-0.0373566318457405,0.961880699463274
0.270731799289813,-0.0372956415763775,0.961919236084569
0.270604085492637,-0.0372346513070145,0.961957772705864
0.270476371695461,-0.0371736610376515,0.961996309327159
0.270348657898285,-0.0371126707682885,0.962034845948454
0.270220944101109,-0.0370516804989256,0.962073382569749
0.270093230303933,-0.0369906902295625,0.962111919191044
0.269965516506757,-0.0369296999601996,0.962150455812339
0.269837802709581,-0.0368687096908366,0.962188992433635
0.269710088912405,-0.0368077194214736,0.96222752905493
0.269582375115229,-0.0367467291521106,0.962266065676225
0.269454661318053,-0.0366857388827476,0.96230460229752
0.269326947520877,-0.0366247486133846,0.962343138918815
0.269199233723701,-0.0365637583440216,0.96238167554011
0.269071519926525,-0.0365027680746586,0.962420212161405
0.268943806129349,-0.0364417778052956,0.9624587487827
0.268816092332173,-0.0363807875359326,0.962497285403995
0.268688378534997,-0.0363197972665696,0.96253582202529
0.268560664737821,-0.0362588069972066,0.962574358646585
0.268432950940645,-0.0361978167278436,0.96261289526788
0.268305237143469,-0.0361368264584806,0.962651431889176
0.268177523346293,-0.0360758361891176,0.962689968510471
0.268049809549117,-0.0360148459197546,0.962728505131766
0.267922095751941,-0.0359538556503916,0.962767041753061
0.267794381954765,-0.0358928653810286,0.962805578374356
0.267683194901071,-0.035836431021388,0.962838665924471
0.267584941820537,-0.0357835621563127,0.962867488984097
0.267486688740003,-0.0357306932912374,0.962896312043723
0.267388435659469,-0.0356778244261621,0.962925135103348
0.267290182578935,-0.0356249555610868,0.962953958162974
0.267191929498401,-0.0355720866960116,0.9629827812226
0.267093676417867,-0.0355192178309363,0.963011604282226
0.266995423337332,-0.035466348965861,0.963040427341852
0.266897170256798,-0.0354134801007857,0.963069250401478
0.266798917176264,-0.0353606112357104,0.963098073461104
0.26670066409573,-0.0353077423706351,0.96312689652073
0.266602411015196,-0.0352548735055598,0.963155719580356
0.266504157934662,-0.0352020046404846,0.963184542639982
0.266405904854128,-0.0351491357754093,0.963213365699608
0.266307651773594,-0.035096266910334,0.963242188759233
0.26620939869306,-0.0350433980452587,0.963271011818859
0.266111145612526,-0.0349905291801834,0.963299834878485
0.266012892531992,-0.0349376603151081,0.963328657938111
0.265914639451458,-0.0348847914500328,0.963357480997737
0.265816386370924,-0.0348319225849576,0.963386304057363
0.26571813329039,-0.0347790537198823,0.963415127116989
0.265619880209856,-0.034726184854807,0.963443950176615
0.265521627129321,-0.0346733159897317,0.963472773236241
0.265423374048787,-0.0346204471246564,0.963501596295867
0.265325120968253,-0.0345675782595811,0.963530419355493
0.265226867887719,-0.0345147093945058,0.963559242415119
0.265128614807185,-0.0344618405294306,0.963588065474744
0.265030361726651,-0.0344089716643553,0.96361688853437
0.264932108646117,-0.03435610279928,0.963645711593996
0.264833855565583,-0.0343032339342047,0.963674534653622
0.264735602485049,-0.0342503650691294,0.963703357713248
0.264637349404515,-0.0341974962040541,0.963732180772874
0.264539096323981,-0.0341446273389789,0.9637610038325
0.264440843243447,-0.0340917584739036,0.963789826892126
0.264342590162913,-0.0340388896088283,0.963818649951752
0.264244337082379,-0.033986020743753,0.963847473011378
0.264146084001844,-0.0339331518786777,0.963876296071004
0.26404783092131,-0.0338802830136024,0.96390511913063
0.263949577840776,-0.0338274141485271,0.963933942190256
0.263851324760242,-0.0337745452834518,0.963962765249881
0.263753071679708,-0.0337216764183766,0.963991588309507
0.263654818599174,-0.0336688075533013,0.964020411369133
0.26355656551864,-0.033615938688226,0.964049234428759
0.263458312438106,-0.0335630698231507,0.964078057488385
0.263360059357572,-0.0335102009580754,0.964106880548011
0.263261806277038,-0.0334573320930001,0.964135703607637
0.263163553196504,-0.0334044632279249,0.964164526667263
0.26306530011597,-0.0333515943628496,0.964193349726889
0.262967047035436,-0.0332987254977743,0.964222172786515
0.262868793954902,-0.033245856632699,0.964250995846141
0.262770540874368,-0.0331929877676237,0.964279818905766
0.262672287793834,-0.0331401189025484,0.964308641965392
0.262574034713299,-0.0330872500374731,0.964337465025018
0.262475781632765,-0.0330343811723978,0.964366288084644
0.262377528552231,-0.0329815123073226,0.96439511114427
0.262279275471697,-0.0329286434422473,0.964423934203896
0.262181022391163,-0.032875774577172,0.964452757263522
0.262082769310629,-0.0328229057120967,0.964481580323148
0.261984516230095,-0.0327700368470214,0.964510403382774
0.261886263149561,-0.0327171679819461,0.9645392264424
0.261788010069027,-0.0326642991168709,0.964568049502026
0.261689756988493,-0.0326114302517956,0.964596872561652
0.261607661227064,-0.0325620958098115,0.964620747989724
0.261534886995888,-0.0325148004580725,0.964641769014977
0.261462112764713,-0.0324675051063335,0.96466279004023
0.261389338533537,-0.0324202097545944,0.964683811065483
0.261316564302362,-0.0323729144028554,0.964704832090736
0.261243790071186,-0.0323256190511163,0.96472585311599
0.26117101584001,-0.0322783236993772,0.964746874141243
0.261098241608835,-0.0322310283476382,0.964767895166496
0.261025467377659,-0.0321837329958992,0.964788916191749
0.260952693146483,-0.0321364376441601,0.964809937217002
0.260879918915308,-0.0320891422924211,0.964830958242255
0.260807144684132,-0.032041846940682,0.964851979267508
0.260734370452956,-0.0319945515889429,0.964873000292761
0.260661596221781,-0.0319472562372039,0.964894021318015
0.260588821990605,-0.0318999608854649,0.964915042343268
0.26051604775943,-0.0318526655337258,0.964936063368521
0.260443273528254,-0.0318053701819868,0.964957084393774
0.260370499297078,-0.0317580748302477,0.964978105419027
0.260297725065903,-0.0317107794785086,0.96499912644428
0.260224950834727,-0.0316634841267696,0.965020147469533
0.260152176603551,-0.0316161887750305,0.965041168494786
0.260079402372376,-0.0315688934232915,0.965062189520039
0.2600066281412,-0.0315215980715525,0.965083210545293
0.259933853910024,-0.0314743027198134,0.965104231570546
0.259861079678849,-0.0314270073680744,0.965125252595799
0.259788305447673,-0.0313797120163353,0.965146273621052
0.259715531216497,-0.0313324166645962,0.965167294646305
0.259642756985322,-0.0312851213128572,0.965188315671558
0.259569982754146,-0.0312378259611182,0.965209336696811
0.259497208522971,-0.0311905306093791,0.965230357722064
0.259424434291795,-0.0311432352576401,0.965251378747317
0.259351660060619,-0.031095939905901,0.965272399772571
0.259278885829444,-0.0310486445541619,0.965293420797824
0.259206111598268,-0.0310013492024229,0.965314441823077
0.259133337367092,-0.0309540538506839,0.96533546284833
0.259060563135917,-0.0309067584989448,0.965356483873583
0.258987788904741,-0.0308594631472058,0.965377504898836
0.258915014673566,-0.0308121677954667,0.965398525924089
0.25884224044239,-0.0307648724437276,0.965419546949342
0.258769466211214,-0.0307175770919886,0.965440567974595
0.258696691980039,-0.0306702817402496,0.965461588999849
0.258623917748863,-0.0306229863885105,0.965482610025102
0.258551143517687,-0.0305756910367715,0.965503631050355
0.258478369286512,-0.0305283956850324,0.965524652075608
0.258405595055336,-0.0304811003332934,0.965545673100861
0.25833282082416,-0.0304338049815543,0.965566694126114
0.258260046592985,-0.0303865096298153,0.965587715151367
0.258187272361809,-0.0303392142780762,0.96560873617662
0.258114498130633,-0.0302919189263372,0.965629757201874
0.258041723899458,-0.0302446235745981,0.965650778227127
0.257968949668282,-0.0301973282228591,0.96567179925238
0.257896175437107,-0.03015003287112,0.965692820277633
0.257823401205931,-0.0301027375193809,0.965713841302886
0.257750626974755,-0.0300554421676419,0.965734862328139
0.25767785274358,-0.0300081468159029,0.965755883353392
0.257605078512404,-0.0299608514641638,0.965776904378645
0.257532304281228,-0.0299135561124248,0.965797925403898
0.257459530050053,-0.0298662607606857,0.965818946429152
0.257386755818877,-0.0298189654089466,0.965839967454405
0.257313981587701,-0.0297716700572076,0.965860988479658
0.257241207356526,-0.0297243747054686,0.965882009504911
0.25716843312535,-0.0296770793537295,0.965903030530164
0.257111653116285,-0.0296321493764593,0.965919545383235
0.257061491406025,-0.0295881981748315,0.965934195613335
0.257011329695764,-0.0295442469732036,0.965948845843435
0.256961167985503,-0.0295002957715757,0.965963496073534
0.256911006275243,-0.0294563445699478,0.965978146303634
0.256860844564982,-0.0294123933683199,0.965992796533734
0.256810682854722,-0.029368442166692,0.966007446763834
0.256760521144461,-0.0293244909650642,0.966022096993933
0.2567103594342,-0.0292805397634363,0.966036747224033
0.25666019772394,-0.0292365885618084,0.966051397454133
0.256610036013679,-0.0291926373601805,0.966066047684233
0.256559874303419,-0.0291486861585526,0.966080697914332
0.256509712593158,-0.0291047349569247,0.966095348144432
0.256459550882897,-0.0290607837552969,0.966109998374531
0.256409389172637,-0.029016832553669,0.966124648604631
0.256359227462376,-0.0289728813520411,0.966139298834731
0.256309065752116,-0.0289289301504132,0.966153949064831
0.256258904041855,-0.0288849789487853,0.96616859929493
0.256208742331594,-0.0288410277471574,0.96618324952503
0.256158580621334,-0.0287970765455295,0.96619789975513
0.256108418911073,-0.0287531253439017,0.96621254998523
0.256058257200813,-0.0287091741422738,0.966227200215329
0.256008095490552,-0.0286652229406459,0.966241850445429
0.255957933780291,-0.028621271739018,0.966256500675529
0.255907772070031,-0.0285773205373901,0.966271150905628
0.25585761035977,-0.0285333693357623,0.966285801135728
0.255807448649509,-0.0284894181341344,0.966300451365828
0.255757286939249,-0.0284454669325065,0.966315101595928
0.255707125228988,-0.0284015157308786,0.966329751826027
0.255656963518728,-0.0283575645292507,0.966344402056127
0.255606801808467,-0.0283136133276229,0.966359052286227
0.255556640098206,-0.028269662125995,0.966373702516326
0.255506478387946,-0.0282257109243671,0.966388352746426
0.255456316677685,-0.0281817597227392,0.966403002976526
0.255406154967425,-0.0281378085211113,0.966417653206626
0.255355993257164,-0.0280938573194834,0.966432303436725
0.255305831546903,-0.0280499061178556,0.966446953666825
0.255255669836643,-0.0280059549162277,0.966461603896925
0.255205508126382,-0.0279620037145998,0.966476254127024
0.255155346416122,-0.0279180525129719,0.966490904357124
0.255105184705861,-0.027874101311344,0.966505554587224
0.2550550229956,-0.0278301501097161,0.966520204817324
0.25500486128534,-0.0277861989080883,0.966534855047423
0.254954699575079,-0.0277422477064604,0.966549505277523
0.254904537864819,-0.0276982965048325,0.966564155507623
0.254854376154558,-0.0276543453032046,0.966578805737722
0.254804214444297,-0.0276103941015767,0.966593455967822
0.254754052734037,-0.0275664428999488,0.966608106197922
0.254703891023776,-0.0275224916983209,0.966622756428022
0.254653729313516,-0.0274785404966931,0.966637406658121
0.254603567603255,-0.0274345892950652,0.966652056888221
0.254553405892994,-0.0273906380934373,0.966666707118321
0.254503244182734,-0.0273466868918094,0.96668135734842
0.254453082472473,-0.0273027356901815,0.96669600757852
0.254402920762213,-0.0272587844885537,0.96671065780862
0.254352759051952,-0.0272148332869258,0.966725308038719
0.254302597341691,-0.0271708820852979,0.966739958268819
0.254252435631431,-0.02712693088367,0.966754608498919
0.25420227392117,-0.0270829796820421,0.966769258729019
0.25415211221091,-0.0270390284804143,0.966783908959118
0.254101950500649,-0.0269950772787864,0.966798559189218
0.254051788790388,-0.0269511260771585,0.966813209419318
0.254291714599349,-0.0255949458018587,0.966710531791395
0.254613227523092,-0.023869701099588,0.966574855703404
0.254934740446834,-0.022144456397318,0.966439179615413
0.255256253370576,-0.020419211695048,0.966303503527421
0.255577766294318,-0.0186939669927773,0.96616782743943
0.25589927921806,-0.0169687222905073,0.966032151351439
0.256220792141802,-0.0152434775882373,0.965896475263447
0.256542305065544,-0.0135182328859666,0.965760799175456
0.256863817989286,-0.0117929881836966,0.965625123087465
0.257185330913028,-0.0100677434814266,0.965489446999473
0.25750684383677,-0.00834249877915585,0.965353770911482
0.257828356760512,-0.00661725407688586,0.965218094823491
0.258149869684255,-0.00489200937461587,0.965082418735499
0.258471382607997,-0.00316676467234513,0.964946742647508
0.258792895531739,-0.00144151997007514,0.964811066559517
0.259114408455481,0.000283724732195605,0.964675390471525
0.259435921379223,0.00200896943446559,0.964539714383534
0.259757434302965,0.00373421413673558,0.964404038295543
0.260078947226707,0.00545945883900633,0.964268362207551
0.260400460150449,0.00718470354127631,0.96413268611956
0.260721973074191,0.0089099482435463,0.963997010031569
0.261043485997934,0.010635192945817,0.963861333943578
0.261364998921676,0.012360437648087,0.963725657855586
0.261686511845418,0.014085682350357,0.963589981767595
0.26200802476916,0.0158109270526278,0.963454305679604
0.262329537692902,0.0175361717548977,0.963318629591612
0.262651050616644,0.0192614164571677,0.963182953503621
0.262972563540386,0.0209866611594385,0.96304727741563
0.263294076464128,0.0227119058617085,0.962911601327638
0.26361558938787,0.0244371505639785,0.962775925239647
0.263937102311613,0.0261623952662492,0.962640249151656
0.264258615235355,0.0278876399685192,0.962504573063664
0.264580128159097,0.0296128846707892,0.962368896975673
0.264901641082839,0.0313381293730599,0.962233220887682
0.265223154006581,0.0330633740753299,0.962097544799691
0.265544666930323,0.0347886187775999,0.961961868711699
0.265866179854065,0.0365138634798706,0.961826192623708
0.266187692777807,0.0382391081821406,0.961690516535717
0.266509205701549,0.0399643528844106,0.961554840447725
0.266830718625292,0.0416895975866814,0.961419164359734
0.267152231549034,0.0434148422889513,0.961283488271743
0.267473744472776,0.0451400869912213,0.961147812183751
0.267795257396518,0.0468653316934921,0.96101213609576
0.26811677032026,0.0485905763957621,0.960876460007769
0.268438283244002,0.0503158210980321,0.960740783919777
0.268759796167744,0.0520410658003028,0.960605107831786
0.269081309091486,0.0537663105025728,0.960469431743795
0.269402822015228,0.0554915552048435,0.960333755655804
0.26972433493897,0.0572167999071135,0.960198079567812
0.270045847862713,0.0589420446093835,0.960062403479821
0.270367360786455,0.0606672893116542,0.959926727391829
0.270688873710197,0.0623925340139242,0.959791051303838
0.271010386633939,0.0641177787161942,0.959655375215847
0.271331899557681,0.065843023418465,0.959519699127855
0.271653412481423,0.067568268120735,0.959384023039864
0.271974925405165,0.0692935128230049,0.959248346951873
0.272296438328907,0.0710187575252757,0.959112670863882
0.272617951252649,0.0727440022275457,0.95897699477589
0.272939464176391,0.0744692469298157,0.958841318687899
0.273260977100134,0.0761944916320864,0.958705642599908
0.273582490023876,0.0779197363343564,0.958569966511916
0.273904002947618,0.0796449810366264,0.958434290423925
0.272406643396665,0.0818404409478342,0.953453046991957
0.270597477135766,0.0841165091805732,0.947641134872452
0.268788310874866,0.0863925774133122,0.941829222752947
0.266979144613965,0.0886686456460522,0.936017310633439
0.265169978353066,0.0909447138787912,0.930205398513934
0.263360812092166,0.0932207821115302,0.924393486394429
0.261551645831265,0.0954968503442702,0.918581574274921
0.259742479570366,0.0977729185770092,0.912769662155416
0.257933313309466,0.100048986809748,0.906957750035911
0.256124147048566,0.102325055042488,0.901145837916403
0.254314980787666,0.104601123275227,0.895333925796898
0.252505814526766,0.106877191507966,0.889522013677393
0.250696648265866,0.109153259740706,0.883710101557886
0.248887482004966,0.111429327973445,0.877898189438381
0.247078315744066,0.113705396206184,0.872086277318875
0.245269149483166,0.115981464438924,0.866274365199368
0.243459983222266,0.118257532671663,0.860462453079863
0.241650816961366,0.120533600904403,0.854650540960355
0.239841650700466,0.122809669137142,0.84883862884085
0.238032484439566,0.125085737369881,0.843026716721345
0.236223318178666,0.127361805602621,0.837214804601837
0.234414151917766,0.12963787383536,0.831402892482332
0.232604985656866,0.131913942068099,0.825590980362827
0.230795819395966,0.134190010300839,0.819779068243319
0.228986653135066,0.136466078533578,0.813967156123814
0.227177486874166,0.138742146766317,0.808155244004309
0.225368320613266,0.141018214999057,0.802343331884802
0.223559154352366,0.143294283231796,0.796531419765297
0.221749988091467,0.145570351464535,0.790719507645792
0.219940821830566,0.147846419697275,0.784907595526284
0.218131655569666,0.150122487930014,0.779095683406779
0.216322489308767,0.152398556162753,0.773283771287274
0.214513323047866,0.154674624395493,0.767471859167766
0.212704156786966,0.156950692628232,0.761659947048261
0.210894990526067,0.159226760860971,0.755848034928756
0.209085824265166,0.161502829093711,0.750036122809248
0.207276658004267,0.16377889732645,0.744224210689743
0.205467491743367,0.166054965559189,0.738412298570238
0.203658325482466,0.168331033791929,0.73260038645073
0.201849159221567,0.170607102024668,0.726788474331225
0.200039992960667,0.172883170257407,0.72097656221172
0.198230826699766,0.175159238490147,0.715164650092213
0.196421660438867,0.177435306722886,0.709352737972708
0.194612494177967,0.179711374955625,0.703540825853203
0.192803327917067,0.181987443188365,0.697728913733695
0.190994161656167,0.184263511421104,0.69191700161419
0.189184995395266,0.186539579653844,0.686105089494682
0.187375829134367,0.188815647886583,0.680293177375177
0.185566662873467,0.191091716119322,0.674481265255672
0.183757496612567,0.193367784352062,0.668669353136164
0.181948330351667,0.195643852584801,0.662857441016659
0.180139164090767,0.19791992081754,0.657045528897154
0.178329997829867,0.20019598905028,0.651233616777646
0.176520831568967,0.202472057283019,0.645421704658141
0.174711665308067,0.204748125515758,0.639609792538636
0.172902499047167,0.207024193748498,0.633797880419129
0.171093332786267,0.209300261981237,0.627985968299624
0.169284166525367,0.211576330213976,0.622174056180119
0.167475000264467,0.213852398446716,0.616362144060611
0.165665834003567,0.216128466679455,0.610550231941106
0.163856667742667,0.218404534912194,0.604738319821601
0.162047501481767,0.220680603144934,0.598926407702093
0.159491817164299,0.217541831016964,0.589543665122122
0.156877197210786,0.213975571492096,0.57987901487422
0.154262577257272,0.210409311967227,0.570214364626313
0.15164795730376,0.206843052442359,0.560549714378411
0.149033337350247,0.203276792917491,0.550885064130509
0.146418717396733,0.199710533392622,0.541220413882602
0.14380409744322,0.196144273867754,0.5315557636347
0.141189477489708,0.192578014342886,0.521891113386798
0.138574857536194,0.189011754818017,0.512226463138892
0.135960237582681,0.185445495293149,0.50256181289099
0.133345617629169,0.181879235768282,0.492897162643087
0.130730997675655,0.178312976243412,0.483232512395181
0.128116377722142,0.174746716718545,0.473567862147279
0.125501757768629,0.171180457193677,0.463903211899377
0.122887137815115,0.167614197668808,0.45423856165147
0.120272517861603,0.16404793814394,0.444573911403568
0.117657897908089,0.160481678619071,0.434909261155662
0.115043277954576,0.156915419094203,0.425244610907759
0.112428658001063,0.153349159569335,0.415579960659857
0.10981403804755,0.149782900044466,0.405915310411951
0.107199418094037,0.146216640519598,0.396250660164049
0.104584798140524,0.142650380994731,0.386586009916146
0.10197017818701,0.139084121469861,0.37692135966824
0.0993555582334976,0.135517861944994,0.367256709420338
0.096740938279985,0.131951602420126,0.357592059172436
0.0941263183264711,0.128385342895257,0.347927408924529
0.0915116983729584,0.124819083370389,0.338262758676627
0.0888970784194457,0.121252823845521,0.328598108428725
0.0862824584659318,0.117686564320652,0.318933458180818
0.0836678385124191,0.114120304795784,0.309268807932916
0.0810532185589064,0.110554045270916,0.299604157685014
0.0784385986053926,0.106987785746047,0.289939507437108
0.0758239786518799,0.103421526221179,0.280274857189206
0.0732093586983672,0.0998552666963117,0.270610206941303
0.0705947387448533,0.0962890071714424,0.260945556693397
0.0679801187913406,0.0927227476465747,0.251280906445495
0.0653654988378279,0.089156488121707,0.241616256197593
0.0627508788843141,0.0855902285968377,0.231951605949686
0.0601362589308014,0.08202396907197,0.222286955701784
0.0575216389772887,0.0784577095471023,0.212622305453882
0.0549070190237748,0.074891450022233,0.202957655205975
0.0522923990702621,0.0713251904973653,0.193293004958073
0.0496777791167494,0.0677589309724976,0.183628354710171
0.0470631591632355,0.0641926714476283,0.173963704462265
0.0444485392097228,0.0606264119227606,0.164299054214362
0.041833919256209,0.0570601523978913,0.154634403966456
0.0392192993026963,0.0534938928730236,0.144969753718554
0.0366046793491836,0.0499276333481559,0.135305103470652
0.0339900593956697,0.0463613738232866,0.125640453222745
0.031375439442157,0.0427951142984189,0.115975802974843
0.0287608194886443,0.0392288547735511,0.106311152726941
0.0261461995351305,0.0356625952486818,0.0966465024790345
0.0235315795816178,0.0320963357238141,0.0869818522311323
0.0209169596281051,0.0285300761989464,0.0773172019832301
0.0183023396745912,0.0249638166740772,0.0676525517353237
0.0156877197210785,0.0213975571492094,0.0579879014874215
0.0130730997675658,0.0178312976243417,0.0483232512395194
0.010458479814052,0.0142650380994724,0.0386586009916129
0.00784385986053926,0.0106987785746047,0.0289939507437108
0.00522923990702656,0.007132519049737,0.0193293004958086
0,0,0
